drawn_index,display_label,side,centroid_x,centroid_y,manual_assigned_glomerulus,top_door_match,vertices_x,vertices_y,response_Apple_Cider_Vinegar,response_Benzaldehyde,response_Citral,response_Hexanol,response_Linalool,response_3-Octanol,response_Ethyl_Butyrate
0,L1,L,1074.68,1473.02,VA2,VC1,1070.6;1094.6;1114.9;1126.9;1123.2;1112.2;1079.0;1053.1;1035.6;1035.6;1032.8;1038.3;1054.0,1433.8;1429.2;1437.5;1455.1;1491.1;1515.1;1522.4;1516.9;1504.9;1486.4;1468.9;1447.7;1440.3,0.021631,0.008781,0.008119,0.038028,0.022513,0.022789,0.018024
1,L2,L,1067.06,1366.32,DM5,VC1,1076.6;1084.2;1095.0;1103.6;1102.5;1097.1;1098.2;1086.3;1074.4;1059.3;1029.1;1024.7;1025.8;1031.2;1037.7;1049.6;1064.7,1317.7;1323.1;1332.8;1347.9;1372.8;1393.3;1412.8;1423.6;1429.0;1430.1;1414.9;1377.1;1358.8;1336.1;1325.3;1315.5;1316.6,0.026702,0.021538,0.016750,0.039181,0.022206,0.030126,0.037562
2,L3,L,1114.39,1296.37,DM2,VC1,1102.8;1117.8;1129.1;1139.4;1145.1;1145.1;1145.1;1140.4;1140.4;1135.7;1129.1;1114.1;1098.1;1082.1;1069.0;1065.2;1074.6;1085.9,1247.5;1249.4;1253.1;1265.3;1278.5;1290.7;1304.8;1315.1;1322.6;1332.0;1339.5;1348.0;1328.3;1316.0;1308.5;1296.3;1277.5;1261.6,0.071194,0.005863,0.031426,0.098684,0.057240,0.088875,0.106147
3,L4,L,1180.13,1429.63,VC3,VA7l,1138.5;1147.0;1158.2;1187.3;1207.1;1214.6;1218.3;1213.6;1207.1;1192.0;1139.4;1138.5,1428.8;1408.1;1396.8;1385.6;1390.3;1403.4;1429.7;1454.1;1466.3;1474.8;1474.8;1442.9,0.090723,0.050055,0.015440,0.020122,0.035397,0.035505,0.044116
4,L5,L,1275.75,1393.41,DC1,VA7l,1314.2;1310.4;1306.6;1297.2;1286.9;1278.5;1264.4;1255.0;1243.7;1236.2;1228.7;1227.7;1229.6;1232.4;1239.0;1244.6;1252.2;1262.5;1280.3;1296.3;1310.4;1327.3;1323.5;1327.3;1318.9,1387.4;1374.3;1362.1;1355.5;1348.9;1344.2;1342.3;1345.2;1349.9;1355.5;1372.4;1381.8;1395.9;1405.3;1415.6;1425.0;1431.6;1438.2;1442.9;1446.6;1444.7;1439.1;1424.1;1410.9;1395.9,0.056672,0.040750,-0.016507,0.004017,0.014254,0.022757,0.025652
5,L6,L,1242.93,1469.50,,VA7l,1232.4;1247.5;1265.3;1272.8;1267.2;1255.9;1244.6;1222.1;1215.5;1221.2;1227.7,1439.1;1444.7;1457.9;1471.0;1482.3;1488.9;1496.4;1491.7;1479.5;1462.6;1450.4,0.050701,0.039707,-0.004796,0.018592,0.006607,0.012552,0.018598
6,1,,1276.84,1124.29,,VC1,1248.4;1238.1;1231.5;1228.7;1239.9;1256.9;1277.5;1293.5;1307.6;1318.9;1321.7;1315.1;1306.6;1290.7;1277.5,1085.9;1099.1;1106.6;1140.4;1154.5;1167.6;1176.1;1170.4;1155.4;1134.8;1119.7;1100.9;1091.5;1083.1;1078.4,0.110553,0.071668,0.039378,0.093871,0.019879,0.109962,0.110855
7,2,,1221.02,1144.57,,VC1,1217.4;1193.9;1185.5;1193.0;1203.3;1217.4;1231.5;1246.5;1252.2;1241.8;1232.4;1226.8;1224.9;1227.7,1097.2;1108.5;1117.8;1147.0;1162.0;1178.0;1180.8;1178.0;1168.6;1165.8;1155.4;1137.6;1120.7;1106.6,0.135631,0.061682,0.066014,0.120952,0.100585,0.140362,0.098910
8,L7,L,1168.77,1146.03,,VC1,1159.2;1142.3;1122.5;1116.9;1121.6;1134.7;1140.4;1157.3;1169.5;1176.1;1178.9;1191.1;1198.6;1212.7;1221.2;1223.0;1199.6;1172.3,1165.8;1153.5;1150.7;1143.2;1129.1;1112.2;1103.8;1102.8;1107.5;1112.2;1120.7;1149.8;1161.1;1176.1;1185.5;1193.9;1186.4;1174.2,0.120382,0.026606,0.080254,0.123694,0.119227,0.128200,0.067989
9,L8,L,1201.83,1234.17,DM4,VC1,1224.0;1233.4;1234.3;1229.6;1212.7;1197.7;1183.6;1165.7;1160.1;1174.2;1196.7;1209.9,1202.4;1222.1;1240.9;1260.6;1274.7;1274.7;1271.0;1240.0;1220.2;1209.0;1198.6;1195.8,0.156714,0.005973,0.094716,0.152108,0.148218,0.223018,0.163880
10,L9,L,1331.89,1304.82,DP1m,VC1,1308.5;1334.8;1352.7;1360.2;1369.6;1374.3;1379.0;1373.3;1356.4;1343.3;1329.2;1317.9;1301.0;1284.1;1280.3;1284.1;1293.5,1267.2;1261.6;1258.7;1260.6;1276.6;1290.7;1313.2;1327.3;1333.9;1342.3;1350.8;1356.4;1344.2;1326.4;1305.7;1288.8;1277.5,0.056725,0.065051,0.047972,0.044920,0.060295,0.088776,0.080224
11,L10,L,1100.39,1582.36,VA7l,VA7l,1076.5;1067.1;1051.1;1041.7;1042.7;1064.3;1077.4;1095.3;1120.7;1141.3;1154.5;1167.6;1162.9;1142.3,1648.6;1647.6;1636.4;1622.3;1602.5;1577.2;1565.0;1541.5;1528.3;1529.3;1539.6;1556.5;1569.7;1588.5,0.014031,0.015036,0.004317,0.007197,0.010110,0.005987,0.002280
12,L11,L,1127.41,1647.44,VA7l,VA7l,1077.4;1162.0;1180.8;1187.3;1168.6;1129.1;1117.8;1091.5;1080.3;1079.3,1655.1;1575.3;1576.2;1581.9;1636.4;1690.8;1702.1;1703.1;1686.1;1667.4,0.013122,0.023827,0.000854,0.006165,0.008435,0.008873,0.003491
13,L12,L,1201.64,1318.86,VM7d,VC1,1154.5;1193.9;1211.8;1234.3;1256.9;1263.4;1263.4;1237.1;1218.3;1199.6;1162.0;1143.2;1135.7;1148.8,1285.0;1282.2;1281.3;1291.6;1295.4;1308.5;1320.7;1338.6;1352.7;1362.1;1356.4;1349.9;1333.0;1306.7,0.097709,0.034239,0.017445,0.095355,0.066605,0.147264,0.125209
14,L13,L,1129.57,1386.03,VM5d,VC1,1131.9;1147.0;1153.5;1153.5;1146.0;1118.8;1105.6;1104.7;1112.2;1122.5,1358.3;1364.0;1372.4;1384.6;1397.8;1416.6;1417.5;1396.8;1382.7;1369.6,0.038761,0.017046,0.018425,0.032318,0.024523,0.034102,0.037119
15,L14,L,1428.13,1606.93,,VC1,1400.6;1414.7;1423.1;1439.1;1460.7;1465.4;1467.3;1464.4;1454.1;1439.1;1425.0;1406.2;1392.1;1379.0;1391.2,1587.5;1571.5;1564.0;1561.2;1578.1;1591.3;1605.4;1622.3;1630.7;1639.2;1648.6;1647.6;1642.9;1614.8;1598.8,0.026690,0.013559,0.017369,0.024868,0.027032,0.033676,0.019914
16,3,,1298.57,1738.53,,VC1,1313.4;1327.0;1356.8;1346.9;1305.9;1288.5;1274.9;1266.2;1258.7;1263.7;1282.3,1692.3;1708.5;1753.2;1765.6;1774.3;1769.4;1761.9;1752.0;1732.1;1714.7;1699.8,0.009149,0.003118,0.003218,0.005044,0.007946,0.008248,0.005342
17,4,,1355.49,1698.65,,✓ ΔF/F,1335.7;1359.3;1373.0;1381.7;1387.9;1378.0;1364.3;1349.4;1332.0;1320.8;1328.3,1661.3;1658.8;1667.5;1698.5;1722.1;1737.1;1738.3;1729.6;1709.7;1688.6;1673.7,0.006864,0.008541,0.002850,0.005522,0.002760,0.004415,0.006531
18,L15,L,1233.73,1625.77,VL1,VA7l,1218.0;1187.9;1187.0;1200.2;1221.8;1239.6;1254.6;1261.2;1267.8;1267.8;1259.3;1239.6,1568.0;1598.1;1617.8;1670.4;1682.6;1683.5;1670.4;1642.2;1621.5;1601.8;1580.2;1572.7,0.022151,0.013263,0.006537,0.015016,0.012052,0.010182,0.009063
19,L16,L,1401.69,1355.03,,VC1,1401.2;1421.8;1430.3;1432.2;1430.3;1404.0;1395.5;1389.0;1373.0;1357.0;1384.3,1319.1;1332.2;1350.1;1364.2;1380.1;1390.5;1382.9;1370.7;1354.8;1340.7;1320.0,0.049982,0.036101,0.035347,0.062659,0.037281,0.070966,0.077411
20,L17,L,1328.13,1224.67,,VC1,1304.4;1333.5;1348.6;1355.1;1356.1;1355.1;1354.2;1337.3;1320.4;1286.6;1290.3;1296.0,1196.0;1194.1;1195.1;1201.7;1217.6;1240.2;1247.7;1253.3;1256.1;1250.5;1228.9;1214.8,0.017520,0.030055,0.033376,0.020878,0.010360,0.039240,0.027537
21,5,,1327.14,1569.60,,✓ ΔF/F,1328.8;1311.9;1305.4;1295.0;1302.5;1322.3;1334.5;1355.1;1359.8;1356.1,1589.6;1577.4;1574.6;1549.2;1535.1;1537.0;1548.3;1584.0;1596.2;1604.6,0.024614,0.002425,0.001084,0.006463,0.001718,0.013713,0.008520
22,6,,1296.41,1615.84,,✓ ΔF/F,1283.8;1299.7;1316.6;1332.6;1336.4;1315.7;1305.4;1296.0;1280.9;1272.5;1272.5;1273.4;1267.8,1672.3;1668.5;1656.3;1626.2;1605.6;1581.1;1579.3;1569.9;1567.1;1574.6;1608.4;1642.2;1654.4,0.029189,0.019403,0.006825,0.008363,0.003460,0.010393,0.011471
23,L18,L,1321.56,1477.60,DL2v,VC1,1325.1;1340.1;1349.5;1347.6;1310.1;1299.7;1291.3;1309.1,1461.9;1468.4;1478.8;1491.9;1495.7;1490.0;1472.2;1461.9,0.039124,0.031283,0.019934,0.032507,0.039679,0.033781,0.031853
24,L19,L,1402.81,1517.12,,VC1,1399.3;1420.0;1436.9;1438.7;1435.9;1427.5;1417.1;1390.8;1368.3;1355.1;1361.7;1382.4,1480.6;1491.0;1518.2;1531.4;1542.6;1550.1;1552.0;1540.8;1519.2;1507.9;1489.1;1482.5,0.015260,-0.018006,0.012031,0.008327,0.007380,0.002435,-0.001511
25,7,,1372.06,1559.55,,✓ ΔF/F,1346.7;1380.5;1404.9;1408.7;1396.5;1380.5;1366.4;1356.1;1343.9;1336.4,1528.5;1538.9;1555.8;1567.1;1576.5;1584.9;1584.9;1574.6;1550.1;1534.2,0.036455,-0.013684,0.004685,0.000001,0.012216,0.012196,-0.005245
26,L20,L,1403.22,1427.61,,VC1,1367.4;1385.2;1409.6;1433.1;1435.0;1435.9;1433.1;1417.1;1395.5;1360.8;1362.7,1416.8;1398.9;1393.3;1407.4;1418.6;1432.7;1445.9;1457.2;1458.1;1444.9;1429.9,0.032567,-0.003931,0.010958,0.044803,-0.009997,0.051236,0.055130
27,8,,1426.71,1483.63,,✓ ΔF/F,1440.6;1452.8;1464.1;1458.5;1451.0;1436.9;1420.9;1397.4;1382.4;1371.1;1418.1,1450.6;1458.1;1497.5;1514.5;1524.8;1509.8;1484.4;1475.9;1475.9;1469.4;1459.0,0.006385,-0.003149,0.002851,0.005909,-0.007151,0.021717,0.016099
