common_name,inchikey,alternative_names
SFR,SFR,
XLYOFNOQVPJJNP-UHFFFAOYSA-N,XLYOFNOQVPJJNP-UHFFFAOYSA-N,
VHUUQVKOLVNVRT-UHFFFAOYSA-N,VHUUQVKOLVNVRT-UHFFFAOYSA-N,
KIDHWZJUCRJVML-UHFFFAOYSA-N,KIDHWZJUCRJVML-UHFFFAOYSA-N,
VHRGRCVQAFMJIZ-UHFFFAOYSA-N,VHRGRCVQAFMJIZ-UHFFFAOYSA-N,
QGZKDVFQNNGYKY-UHFFFAOYSA-N,QGZKDVFQNNGYKY-UHFFFAOYSA-N,
HZAXFHJVJLSVMW-UHFFFAOYSA-N,HZAXFHJVJLSVMW-UHFFFAOYSA-N,
WJYIASZWHGOTOU-UHFFFAOYSA-N,WJYIASZWHGOTOU-UHFFFAOYSA-N,
BMFVGAAISNGQNM-UHFFFAOYSA-N,BMFVGAAISNGQNM-UHFFFAOYSA-N,
ROSDSFDQCJNGOL-UHFFFAOYSA-N,ROSDSFDQCJNGOL-UHFFFAOYSA-N,
YEJRWHAVMIAJKC-UHFFFAOYSA-N,YEJRWHAVMIAJKC-UHFFFAOYSA-N,
JBFHTYHTHYHCDJ-UHFFFAOYSA-N,JBFHTYHTHYHCDJ-UHFFFAOYSA-N,
IPBFYZQJXZJBFQ-UHFFFAOYSA-N,IPBFYZQJXZJBFQ-UHFFFAOYSA-N,
IFYYFLINQYPWGJ-UHFFFAOYSA-N,IFYYFLINQYPWGJ-UHFFFAOYSA-N,
GHBSPIPJMLAMEP-UHFFFAOYSA-N,GHBSPIPJMLAMEP-UHFFFAOYSA-N,
BDAGIHXWWSANSR-UHFFFAOYSA-N,BDAGIHXWWSANSR-UHFFFAOYSA-N,
QTBSBXVTEAMEQO-UHFFFAOYSA-N,QTBSBXVTEAMEQO-UHFFFAOYSA-N,
XBDQKXXYIPTUBI-UHFFFAOYSA-N,XBDQKXXYIPTUBI-UHFFFAOYSA-N,
FERIUCNNQQJTOY-UHFFFAOYSA-N,FERIUCNNQQJTOY-UHFFFAOYSA-N,
NQPDZGIKBAWPEJ-UHFFFAOYSA-N,NQPDZGIKBAWPEJ-UHFFFAOYSA-N,
FUZZWVXGSFPDMH-UHFFFAOYSA-N,FUZZWVXGSFPDMH-UHFFFAOYSA-N,
MNWFXJYAOYHMED-UHFFFAOYSA-N,MNWFXJYAOYHMED-UHFFFAOYSA-N,
WWZKQHOCKIZLMA-UHFFFAOYSA-N,WWZKQHOCKIZLMA-UHFFFAOYSA-N,
FBUKVWPVBMHYJY-UHFFFAOYSA-N,FBUKVWPVBMHYJY-UHFFFAOYSA-N,
OYHQOLUKZRVURQ-HZJYTTRNSA-N,OYHQOLUKZRVURQ-HZJYTTRNSA-N,
KQNPFQTWMSNSAP-UHFFFAOYSA-N,KQNPFQTWMSNSAP-UHFFFAOYSA-N,
GWYFCOCPABKNJV-UHFFFAOYSA-N,GWYFCOCPABKNJV-UHFFFAOYSA-N,
LCTONWCANYUPML-UHFFFAOYSA-N,LCTONWCANYUPML-UHFFFAOYSA-N,
OBETXYAYXDNJHR-UHFFFAOYSA-N,OBETXYAYXDNJHR-UHFFFAOYSA-N,
JVTAAEKCZFNVCJ-UHFFFAOYSA-N,JVTAAEKCZFNVCJ-UHFFFAOYSA-N,
CZUGFKJYCPYHHV-UHFFFAOYSA-N,CZUGFKJYCPYHHV-UHFFFAOYSA-N,
QMMFVYPAHWMCMS-UHFFFAOYSA-N,QMMFVYPAHWMCMS-UHFFFAOYSA-N,
ALVPFGSHPUPROW-UHFFFAOYSA-N,ALVPFGSHPUPROW-UHFFFAOYSA-N,
SUVIGLJNEAMWEG-UHFFFAOYSA-N,SUVIGLJNEAMWEG-UHFFFAOYSA-N,
MOYAFQVGZZPNRA-UHFFFAOYSA-N,MOYAFQVGZZPNRA-UHFFFAOYSA-N,
GRWFGVWFFZKLTI-UHFFFAOYSA-N,GRWFGVWFFZKLTI-UHFFFAOYSA-N,
WTARULDDTDQWMU-UHFFFAOYSA-N,WTARULDDTDQWMU-UHFFFAOYSA-N,
BQOFWKZOCNGFEC-UHFFFAOYSA-N,BQOFWKZOCNGFEC-UHFFFAOYSA-N,
XMGQYMWWDOXHJM-UHFFFAOYSA-N,XMGQYMWWDOXHJM-UHFFFAOYSA-N,
FAMPSKZZVDUYOS-HRGUGZIWSA-N,FAMPSKZZVDUYOS-HRGUGZIWSA-N,
UAHWPYUMFXYFJY-UHFFFAOYSA-N,UAHWPYUMFXYFJY-UHFFFAOYSA-N,
NPNUFJAVOOONJE-GFUGXAQUSA-N,NPNUFJAVOOONJE-GFUGXAQUSA-N,
HFPZCAJZSCWRBC-UHFFFAOYSA-N,HFPZCAJZSCWRBC-UHFFFAOYSA-N,
HIGQPQRQIQDZMP-DHZHZOJOSA-N,HIGQPQRQIQDZMP-DHZHZOJOSA-N,
WUOACPNHFRMFPN-SECBINFHSA-N,WUOACPNHFRMFPN-SECBINFHSA-N,
GLZPCOQZEFWAFX-JXMROGBWSA-N,GLZPCOQZEFWAFX-JXMROGBWSA-N,
GLZPCOQZEFWAFX-YFHOEESVSA-N,GLZPCOQZEFWAFX-YFHOEESVSA-N,
CDOSHBSSFJOMGT-UHFFFAOYSA-N,CDOSHBSSFJOMGT-UHFFFAOYSA-N,
QMVPMAAFGQKVCJ-SNVBAGLBSA-N,QMVPMAAFGQKVCJ-SNVBAGLBSA-N,
BRHDDEIRQPDPMG-UHFFFAOYSA-N,BRHDDEIRQPDPMG-UHFFFAOYSA-N,
ULDHMXUKGWMISQ-SECBINFHSA-N,ULDHMXUKGWMISQ-SECBINFHSA-N,
ULDHMXUKGWMISQ-VIFPVBQESA-N,ULDHMXUKGWMISQ-VIFPVBQESA-N,
WEEGYLXZBRQIMU-WAAGHKOSSA-N,WEEGYLXZBRQIMU-WAAGHKOSSA-N,
RFFOTVCVTJUTAD-UHFFFAOYSA-N,RFFOTVCVTJUTAD-UHFFFAOYSA-N,
WTEVQBCEXWBHNA-JXMROGBWSA-N,WTEVQBCEXWBHNA-JXMROGBWSA-N,
NEHNMFOYXAPHSD-JTQLQIEISA-N,NEHNMFOYXAPHSD-JTQLQIEISA-N,
LHXDLQBQYFFVNW-OIBJUYFYSA-N,LHXDLQBQYFFVNW-OIBJUYFYSA-N,
XMGQYMWWDOXHJM-JTQLQIEISA-N,XMGQYMWWDOXHJM-JTQLQIEISA-N,
NFLGAXVYCFJBMK-BDAKNGLRSA-N,NFLGAXVYCFJBMK-BDAKNGLRSA-N,
KMRMUZKLFIEVAO-UHFFFAOYSA-N,KMRMUZKLFIEVAO-UHFFFAOYSA-N,
GRWFGVWFFZKLTI-RKDXNWHRSA-N,GRWFGVWFFZKLTI-RKDXNWHRSA-N,
NZGWDASTMWDZIW-MRVPVSSYSA-N,NZGWDASTMWDZIW-MRVPVSSYSA-N,
USMNOWBWPHYOEA-MRTMQBJTSA-N,USMNOWBWPHYOEA-MRTMQBJTSA-N,
RGZSQWQPBWRIAQ-CABCVRRESA-N,RGZSQWQPBWRIAQ-CABCVRRESA-N,
CRDAMVZIKSXKFV-YFVJMOTDSA-N,CRDAMVZIKSXKFV-YFVJMOTDSA-N,
UZFLPKAIBPNNCA-BQYQJAHWSA-N,UZFLPKAIBPNNCA-BQYQJAHWSA-N,
PSQYTAPXSHCGMF-BQYQJAHWSA-N,PSQYTAPXSHCGMF-BQYQJAHWSA-N,
XMGQYMWWDOXHJM-SNVBAGLBSA-N,XMGQYMWWDOXHJM-SNVBAGLBSA-N,
IKHGUXGNUITLKF-UHFFFAOYSA-N,IKHGUXGNUITLKF-UHFFFAOYSA-N,
NBBJYMSMWIIQGU-UHFFFAOYSA-N,NBBJYMSMWIIQGU-UHFFFAOYSA-N,
ZTQSAGDEMFDKMZ-UHFFFAOYSA-N,ZTQSAGDEMFDKMZ-UHFFFAOYSA-N,
HGBOYTHUEUWSSQ-UHFFFAOYSA-N,HGBOYTHUEUWSSQ-UHFFFAOYSA-N,
JARKCYVAAOWBJS-UHFFFAOYSA-N,JARKCYVAAOWBJS-UHFFFAOYSA-N,
MBDOYVRWFFCFHM-SNAWJCMRSA-N,MBDOYVRWFFCFHM-SNAWJCMRSA-N,
HYBBIBNJHNGZAN-UHFFFAOYSA-N,HYBBIBNJHNGZAN-UHFFFAOYSA-N,
HGINCPLSRVDWNT-UHFFFAOYSA-N,HGINCPLSRVDWNT-UHFFFAOYSA-N,
NUJGJRNETVAIRJ-UHFFFAOYSA-N,NUJGJRNETVAIRJ-UHFFFAOYSA-N,
KSMVZQYAVGTKIV-UHFFFAOYSA-N,KSMVZQYAVGTKIV-UHFFFAOYSA-N,
FXHGMKSSBGDXIY-UHFFFAOYSA-N,FXHGMKSSBGDXIY-UHFFFAOYSA-N,
LVBXEMGDVWVTGY-VOTSOKGWSA-N,LVBXEMGDVWVTGY-VOTSOKGWSA-N,
GYHFUZHODSMOHU-UHFFFAOYSA-N,GYHFUZHODSMOHU-UHFFFAOYSA-N,
NDFKTBCGKNOHPJ-AATRIKPKSA-N,NDFKTBCGKNOHPJ-AATRIKPKSA-N,
CSCPPACGZOOCGX-UHFFFAOYSA-N,CSCPPACGZOOCGX-UHFFFAOYSA-N,
ZWEHNKRNPOVVGH-UHFFFAOYSA-N,ZWEHNKRNPOVVGH-UHFFFAOYSA-N,
XNLICIUVMPYHGG-UHFFFAOYSA-N,XNLICIUVMPYHGG-UHFFFAOYSA-N,
CATSNJVOTSVZJV-UHFFFAOYSA-N,CATSNJVOTSVZJV-UHFFFAOYSA-N,
UHEPJGULSIKKTP-UHFFFAOYSA-N,UHEPJGULSIKKTP-UHFFFAOYSA-N,
QSJXEFYPDANLFS-UHFFFAOYSA-N,QSJXEFYPDANLFS-UHFFFAOYSA-N,
ROWKJAVDOGWPAT-UHFFFAOYSA-N,ROWKJAVDOGWPAT-UHFFFAOYSA-N,
LABTWGUMFABVFG-ARJAWSKDSA-N,LABTWGUMFABVFG-ARJAWSKDSA-N,
QQZOPKMRPOGIEB-UHFFFAOYSA-N,QQZOPKMRPOGIEB-UHFFFAOYSA-N,
PFCHFHIRKBAQGU-UHFFFAOYSA-N,PFCHFHIRKBAQGU-UHFFFAOYSA-N,
JHIVVAPYMSGYDF-UHFFFAOYSA-N,JHIVVAPYMSGYDF-UHFFFAOYSA-N,
ZPVFWPFBNIEHGJ-UHFFFAOYSA-N,ZPVFWPFBNIEHGJ-UHFFFAOYSA-N,
VKCYHJWLYTUGCC-UHFFFAOYSA-N,VKCYHJWLYTUGCC-UHFFFAOYSA-N,
NGAZZOYFWWSOGK-UHFFFAOYSA-N,NGAZZOYFWWSOGK-UHFFFAOYSA-N,
WRMNZCZEMHIOCP-UHFFFAOYSA-N,WRMNZCZEMHIOCP-UHFFFAOYSA-N,
WVDDGKGOMKODPV-UHFFFAOYSA-N,WVDDGKGOMKODPV-UHFFFAOYSA-N,
OSWPMRLSEDHDFF-UHFFFAOYSA-N,OSWPMRLSEDHDFF-UHFFFAOYSA-N,
QPJVMBTYPHYUOC-UHFFFAOYSA-N,QPJVMBTYPHYUOC-UHFFFAOYSA-N,
MTZQAGJQAFMTAQ-UHFFFAOYSA-N,MTZQAGJQAFMTAQ-UHFFFAOYSA-N,
MDHYEMXUFSJLGV-UHFFFAOYSA-N,MDHYEMXUFSJLGV-UHFFFAOYSA-N,
HUMNYLRZRPPJDN-UHFFFAOYSA-N,HUMNYLRZRPPJDN-UHFFFAOYSA-N,
DTUQWGWMVIHBKE-UHFFFAOYSA-N,DTUQWGWMVIHBKE-UHFFFAOYSA-N,
KWOLFJPFCHCOCG-UHFFFAOYSA-N,KWOLFJPFCHCOCG-UHFFFAOYSA-N,
KBEBGUQPQBELIU-CMDGGOBGSA-N,KBEBGUQPQBELIU-CMDGGOBGSA-N,
QWVGKYWNOKOFNN-UHFFFAOYSA-N,QWVGKYWNOKOFNN-UHFFFAOYSA-N,
CHWNEIVBYREQRF-UHFFFAOYSA-N,CHWNEIVBYREQRF-UHFFFAOYSA-N,
RRAFCDWBNXTKKO-UHFFFAOYSA-N,RRAFCDWBNXTKKO-UHFFFAOYSA-N,
SMQUZDBALVYZAC-UHFFFAOYSA-N,SMQUZDBALVYZAC-UHFFFAOYSA-N,
LHGVFZTZFXWLCP-UHFFFAOYSA-N,LHGVFZTZFXWLCP-UHFFFAOYSA-N,
RUVINXPYWBROJD-ONEGZZNKSA-N,RUVINXPYWBROJD-ONEGZZNKSA-N,
ZRSNZINYAWTAHE-UHFFFAOYSA-N,ZRSNZINYAWTAHE-UHFFFAOYSA-N,
WTWBUQJHJGUZCY-UHFFFAOYSA-N,WTWBUQJHJGUZCY-UHFFFAOYSA-N,
RDOXTESZEPMUJZ-UHFFFAOYSA-N,RDOXTESZEPMUJZ-UHFFFAOYSA-N,
ZYEMGPIYFIJGTP-UHFFFAOYSA-N,ZYEMGPIYFIJGTP-UHFFFAOYSA-N,
RKFAZBXYICVSKP-WAYWQWQTSA-N,RKFAZBXYICVSKP-WAYWQWQTSA-N,
SUSQOBVLVYHIEX-UHFFFAOYSA-N,SUSQOBVLVYHIEX-UHFFFAOYSA-N,
BJIOGJUNALELMI-ONEGZZNKSA-N,BJIOGJUNALELMI-ONEGZZNKSA-N,
IWDCLRJOBJJRNH-UHFFFAOYSA-N,IWDCLRJOBJJRNH-UHFFFAOYSA-N,
HXDOZKJGKXYMEW-UHFFFAOYSA-N,HXDOZKJGKXYMEW-UHFFFAOYSA-N,
LCHYEKKJCUJAKN-UHFFFAOYSA-N,LCHYEKKJCUJAKN-UHFFFAOYSA-N,
KJPRLNWUNMBNBZ-QPJJXVBHSA-N,KJPRLNWUNMBNBZ-QPJJXVBHSA-N,
JFDZBHWFFUWGJE-UHFFFAOYSA-N,JFDZBHWFFUWGJE-UHFFFAOYSA-N,
GEWDNTWNSAZUDX-SNAWJCMRSA-N,GEWDNTWNSAZUDX-SNAWJCMRSA-N,
QUKGYYKBILRGFE-UHFFFAOYSA-N,QUKGYYKBILRGFE-UHFFFAOYSA-N,
KLSLBUSXWBJMEC-UHFFFAOYSA-N,KLSLBUSXWBJMEC-UHFFFAOYSA-N,
RLSSMJSEOOYNOY-UHFFFAOYSA-N,RLSSMJSEOOYNOY-UHFFFAOYSA-N,
IXQGCWUGDFDQMF-UHFFFAOYSA-N,IXQGCWUGDFDQMF-UHFFFAOYSA-N,
WPYMKLBDIGXBTP-UHFFFAOYSA-N,WPYMKLBDIGXBTP-UHFFFAOYSA-N,
MWOOGOJBHIARFG-UHFFFAOYSA-N,MWOOGOJBHIARFG-UHFFFAOYSA-N,
OKKJLVBELUTLKV-UHFFFAOYSA-N,OKKJLVBELUTLKV-UHFFFAOYSA-N,
LFQSCWFLJHTTHZ-UHFFFAOYSA-N,LFQSCWFLJHTTHZ-UHFFFAOYSA-N,
BDERNNFJNOPAEC-UHFFFAOYSA-N,BDERNNFJNOPAEC-UHFFFAOYSA-N,
LRHPLDYGYMQRHN-UHFFFAOYSA-N,LRHPLDYGYMQRHN-UHFFFAOYSA-N,
AMQJEAYHLZJPGS-UHFFFAOYSA-N,AMQJEAYHLZJPGS-UHFFFAOYSA-N,
ZSIAUFGUXNUGDI-UHFFFAOYSA-N,ZSIAUFGUXNUGDI-UHFFFAOYSA-N,
KBPLFHHGFOOTCA-UHFFFAOYSA-N,KBPLFHHGFOOTCA-UHFFFAOYSA-N,
SJWFXCIHNDVPSH-UHFFFAOYSA-N,SJWFXCIHNDVPSH-UHFFFAOYSA-N,
JYVLIDXNZAXMDK-UHFFFAOYSA-N,JYVLIDXNZAXMDK-UHFFFAOYSA-N,
PHTQWCKDNZKARW-UHFFFAOYSA-N,PHTQWCKDNZKARW-UHFFFAOYSA-N,
ASUAYTHWZCLXAN-UHFFFAOYSA-N,ASUAYTHWZCLXAN-UHFFFAOYSA-N,
VHVMXWZXFBOANQ-UHFFFAOYSA-N,VHVMXWZXFBOANQ-UHFFFAOYSA-N,
VSMOENVRRABVKN-UHFFFAOYSA-N,VSMOENVRRABVKN-UHFFFAOYSA-N,
ZCHHRLHTBGRGOT-SNAWJCMRSA-N,ZCHHRLHTBGRGOT-SNAWJCMRSA-N,
ZCHHRLHTBGRGOT-PLNGDYQASA-N,ZCHHRLHTBGRGOT-PLNGDYQASA-N,
UFLHIIWVXFIJGU-ONEGZZNKSA-N,UFLHIIWVXFIJGU-ONEGZZNKSA-N,
UFLHIIWVXFIJGU-ARJAWSKDSA-N,UFLHIIWVXFIJGU-ARJAWSKDSA-N,
PEDCQBHIVMGVHV-UHFFFAOYSA-N,PEDCQBHIVMGVHV-UHFFFAOYSA-N,
OWBTYPJTUOEWEK-UHFFFAOYSA-N,OWBTYPJTUOEWEK-UHFFFAOYSA-N,
HPXRVTGHNJAIIH-UHFFFAOYSA-N,HPXRVTGHNJAIIH-UHFFFAOYSA-N,
MWKFXSUHUHTGQN-UHFFFAOYSA-N,MWKFXSUHUHTGQN-UHFFFAOYSA-N,
MQWCXKGKQLNYQG-UHFFFAOYSA-N,MQWCXKGKQLNYQG-UHFFFAOYSA-N,
BBMCTIGTTCKYKF-UHFFFAOYSA-N,BBMCTIGTTCKYKF-UHFFFAOYSA-N,
NMRPBPVERJPACX-UHFFFAOYSA-N,NMRPBPVERJPACX-UHFFFAOYSA-N,
ZWRUINPWMLAQRD-UHFFFAOYSA-N,ZWRUINPWMLAQRD-UHFFFAOYSA-N,
WOFPPJOZXUTRAU-UHFFFAOYSA-N,WOFPPJOZXUTRAU-UHFFFAOYSA-N,
CETWDUZRCINIHU-UHFFFAOYSA-N,CETWDUZRCINIHU-UHFFFAOYSA-N,
QNVRIHYSUZMSGM-UHFFFAOYSA-N,QNVRIHYSUZMSGM-UHFFFAOYSA-N,
ZOCHHNOQQHDWHG-UHFFFAOYSA-N,ZOCHHNOQQHDWHG-UHFFFAOYSA-N,
BVOSSZSHBZQJOI-UHFFFAOYSA-N,BVOSSZSHBZQJOI-UHFFFAOYSA-N,
ZXEKIIBDNHEJCQ-UHFFFAOYSA-N,ZXEKIIBDNHEJCQ-UHFFFAOYSA-N,
KXKVLQRXCPHEJC-UHFFFAOYSA-N,KXKVLQRXCPHEJC-UHFFFAOYSA-N,
XEKOWRVHYACXOJ-UHFFFAOYSA-N,XEKOWRVHYACXOJ-UHFFFAOYSA-N,
YKYONYBAUNKHLG-UHFFFAOYSA-N,YKYONYBAUNKHLG-UHFFFAOYSA-N,
DKPFZGUDAPQIHT-UHFFFAOYSA-N,DKPFZGUDAPQIHT-UHFFFAOYSA-N,
PGMYKACGEOXYJE-UHFFFAOYSA-N,PGMYKACGEOXYJE-UHFFFAOYSA-N,
AOGQPLXWSUTHQB-UHFFFAOYSA-N,AOGQPLXWSUTHQB-UHFFFAOYSA-N,
GJRQTCIYDGXPES-UHFFFAOYSA-N,GJRQTCIYDGXPES-UHFFFAOYSA-N,
MLFHJEHSLIIPHL-UHFFFAOYSA-N,MLFHJEHSLIIPHL-UHFFFAOYSA-N,
HRHOWZHRCRZVCU-WAYWQWQTSA-N,HRHOWZHRCRZVCU-WAYWQWQTSA-N,
UUIQMZJEGPQKFD-UHFFFAOYSA-N,UUIQMZJEGPQKFD-UHFFFAOYSA-N,
OBNCKNCVKJNDBV-UHFFFAOYSA-N,OBNCKNCVKJNDBV-UHFFFAOYSA-N,
XAPCMTMQBXLDBB-UHFFFAOYSA-N,XAPCMTMQBXLDBB-UHFFFAOYSA-N,
OMSUIQOIVADKIM-UHFFFAOYSA-N,OMSUIQOIVADKIM-UHFFFAOYSA-N,
FKRCODPIKNYEAC-UHFFFAOYSA-N,FKRCODPIKNYEAC-UHFFFAOYSA-N,
WBJINCZRORDGAQ-UHFFFAOYSA-N,WBJINCZRORDGAQ-UHFFFAOYSA-N,
NUKZAGXMHTUAFE-UHFFFAOYSA-N,NUKZAGXMHTUAFE-UHFFFAOYSA-N,
SHZIWNPUGXLXDT-UHFFFAOYSA-N,SHZIWNPUGXLXDT-UHFFFAOYSA-N,
NCDCLPBOMHPFCV-UHFFFAOYSA-N,NCDCLPBOMHPFCV-UHFFFAOYSA-N,
JGHZJRVDZXSNKQ-UHFFFAOYSA-N,JGHZJRVDZXSNKQ-UHFFFAOYSA-N,
YYZUSRORWSJGET-UHFFFAOYSA-N,YYZUSRORWSJGET-UHFFFAOYSA-N,
RGXWDWUGBIJHDO-UHFFFAOYSA-N,RGXWDWUGBIJHDO-UHFFFAOYSA-N,
ZFDIRQKJPRINOQ-HWKANZROSA-N,ZFDIRQKJPRINOQ-HWKANZROSA-N,
LZCLXQDLBQLTDK-UHFFFAOYSA-N,LZCLXQDLBQLTDK-UHFFFAOYSA-N,
DKMROQRQHGEIOW-UHFFFAOYSA-N,DKMROQRQHGEIOW-UHFFFAOYSA-N,
YLYBTZIQSIBWLI-UHFFFAOYSA-N,YLYBTZIQSIBWLI-UHFFFAOYSA-N,
NUPSHWCALHZGOV-UHFFFAOYSA-N,NUPSHWCALHZGOV-UHFFFAOYSA-N,
RJUFJBKOKNCXHH-UHFFFAOYSA-N,RJUFJBKOKNCXHH-UHFFFAOYSA-N,
HUAZGNHGCJGYNP-UHFFFAOYSA-N,HUAZGNHGCJGYNP-UHFFFAOYSA-N,
RPRPDTXKGSIXMD-UHFFFAOYSA-N,RPRPDTXKGSIXMD-UHFFFAOYSA-N,
SIKJAQJRHWYJAI-UHFFFAOYSA-N,SIKJAQJRHWYJAI-UHFFFAOYSA-N,
BTKXLQSCEOHKTF-SREVYHEPSA-N,BTKXLQSCEOHKTF-SREVYHEPSA-N,
XHIUFYZDQBSEMF-UHFFFAOYSA-N,XHIUFYZDQBSEMF-UHFFFAOYSA-N,
MCSINKKTEDDPNK-UHFFFAOYSA-N,MCSINKKTEDDPNK-UHFFFAOYSA-N,
GQKZRWSUJHVIPE-UHFFFAOYSA-N,GQKZRWSUJHVIPE-UHFFFAOYSA-N,
OMSUIQOIVADKIM-RXMQYKEDSA-N,OMSUIQOIVADKIM-RXMQYKEDSA-N,
OMSUIQOIVADKIM-YFKPBYRVSA-N,OMSUIQOIVADKIM-YFKPBYRVSA-N,
HCRBXQFHJMCTLF-UHFFFAOYSA-N,HCRBXQFHJMCTLF-UHFFFAOYSA-N,
XUPYJHCZDLZNFP-UHFFFAOYSA-N,XUPYJHCZDLZNFP-UHFFFAOYSA-N,
ICMAFTSLXCXHRK-UHFFFAOYSA-N,ICMAFTSLXCXHRK-UHFFFAOYSA-N,
ACCRBMDJCPPJDX-UHFFFAOYSA-N,ACCRBMDJCPPJDX-UHFFFAOYSA-N,
LYRIITRHDCNUHV-UHFFFAOYSA-N,LYRIITRHDCNUHV-UHFFFAOYSA-N,
HTUIWRWYYVBCFT-UHFFFAOYSA-N,HTUIWRWYYVBCFT-UHFFFAOYSA-N,
ZARFDQHJMNVNLE-WEVVVXLNSA-N,ZARFDQHJMNVNLE-WEVVVXLNSA-N,
FFOPEPMHKILNIT-UHFFFAOYSA-N,FFOPEPMHKILNIT-UHFFFAOYSA-N,
YYJWBYNQJLBIGS-PLNGDYQASA-N,YYJWBYNQJLBIGS-PLNGDYQASA-N,
OAPHLAAOJMTMLY-GQCTYLIASA-N,OAPHLAAOJMTMLY-GQCTYLIASA-N,
VUPBIVVRPJDWNW-FNORWQNLSA-N,VUPBIVVRPJDWNW-FNORWQNLSA-N,
PPXUHEORWJQRHJ-UHFFFAOYSA-N,PPXUHEORWJQRHJ-UHFFFAOYSA-N,
ZCZSIDMEHXZRLG-UHFFFAOYSA-N,ZCZSIDMEHXZRLG-UHFFFAOYSA-N,
NPFVOOAXDOBMCE-PLNGDYQASA-N,NPFVOOAXDOBMCE-PLNGDYQASA-N,
OUGPMNMLWKSBRI-UHFFFAOYSA-N,OUGPMNMLWKSBRI-UHFFFAOYSA-N,
GJQIMXVRFNLMTB-UHFFFAOYSA-N,GJQIMXVRFNLMTB-UHFFFAOYSA-N,
BTMVHUNTONAYDX-UHFFFAOYSA-N,BTMVHUNTONAYDX-UHFFFAOYSA-N,
IEMMBWWQXVXBEU-UHFFFAOYSA-N,IEMMBWWQXVXBEU-UHFFFAOYSA-N,
GSCLMSFRWBPUSK-UHFFFAOYSA-N,GSCLMSFRWBPUSK-UHFFFAOYSA-N,
GAEKPEKOJKCEMS-UHFFFAOYSA-N,GAEKPEKOJKCEMS-UHFFFAOYSA-N,
OALYTRUKMRCXNH-QMMMGPOBSA-N,OALYTRUKMRCXNH-QMMMGPOBSA-N,
VLSVVMPLPMNWBH-UHFFFAOYSA-N,VLSVVMPLPMNWBH-UHFFFAOYSA-N,
solvent,solvent,
IMNFDUFMRHMDMM-UHFFFAOYSA-N,IMNFDUFMRHMDMM-UHFFFAOYSA-N,
TVMXDCGIABBOFY-UHFFFAOYSA-N,TVMXDCGIABBOFY-UHFFFAOYSA-N,
BKIMMITUMNQMOS-UHFFFAOYSA-N,BKIMMITUMNQMOS-UHFFFAOYSA-N,
CURLTUGMZLYLDI-UHFFFAOYSA-N,CURLTUGMZLYLDI-UHFFFAOYSA-N,
UXFSPRAGHGMRSQ-UHFFFAOYSA-N,UXFSPRAGHGMRSQ-UHFFFAOYSA-N,
RWRDLPDLKQPQOW-UHFFFAOYSA-N,RWRDLPDLKQPQOW-UHFFFAOYSA-N,
QSZKEDWVAOAFQY-HJWRWDBZSA-N,QSZKEDWVAOAFQY-HJWRWDBZSA-N,
ALSTYHKOOCGGFT-KTKRTIGZSA-N,ALSTYHKOOCGGFT-KTKRTIGZSA-N,
XMLQWXUVTXCDDL-FPLPWBNLSA-N,XMLQWXUVTXCDDL-FPLPWBNLSA-N,
GYGAZRPDUOHMAF-KHPPLWFESA-N,GYGAZRPDUOHMAF-KHPPLWFESA-N,
UWHZIFQPPBDJPM-FPLPWBNLSA-N,UWHZIFQPPBDJPM-FPLPWBNLSA-N,
PVVODBCDJBGMJL-CMDGGOBGSA-N,PVVODBCDJBGMJL-CMDGGOBGSA-N,
VLKZOEOYAKHREP-UHFFFAOYSA-N,VLKZOEOYAKHREP-UHFFFAOYSA-N,
MGSRCZKZVOBKFT-UHFFFAOYSA-N,MGSRCZKZVOBKFT-UHFFFAOYSA-N,
RWCCWEUUXYIKHB-UHFFFAOYSA-N,RWCCWEUUXYIKHB-UHFFFAOYSA-N,
KFZMGEQAYNKOFK-UHFFFAOYSA-N,KFZMGEQAYNKOFK-UHFFFAOYSA-N,
CLUWOWRTHNNBBU-UHFFFAOYSA-N,CLUWOWRTHNNBBU-UHFFFAOYSA-N,
NOOLISFMXDJSKH-KXUCPTDWSA-N,NOOLISFMXDJSKH-KXUCPTDWSA-N,
JLPUXFOGCDVKGO-GRYCIOLGSA-N,JLPUXFOGCDVKGO-GRYCIOLGSA-N,
BHHGXPLMPWCGHP-UHFFFAOYSA-N,BHHGXPLMPWCGHP-UHFFFAOYSA-N,
DKIDEFUBRARXTE-UHFFFAOYSA-N,DKIDEFUBRARXTE-UHFFFAOYSA-N,
FEXQDZTYJVXMOS-UHFFFAOYSA-N,FEXQDZTYJVXMOS-UHFFFAOYSA-N,
HPNMFZURTQLUMO-UHFFFAOYSA-N,HPNMFZURTQLUMO-UHFFFAOYSA-N,
HVGZQCSMLUDISR-UHFFFAOYSA-N,HVGZQCSMLUDISR-UHFFFAOYSA-N,
ISWSIDIOOBJBQZ-UHFFFAOYSA-N,ISWSIDIOOBJBQZ-UHFFFAOYSA-N,
JMMWKPVZQRWMSS-UHFFFAOYSA-N,JMMWKPVZQRWMSS-UHFFFAOYSA-N,
JUJWROOIHBZHMG-UHFFFAOYSA-N,JUJWROOIHBZHMG-UHFFFAOYSA-N,
KDVFRMMRZOCFLS-UHFFFAOYSA-N,KDVFRMMRZOCFLS-UHFFFAOYSA-N,
KGEKLUUHTZCSIP-HOSYDEDBSA-N,KGEKLUUHTZCSIP-HOSYDEDBSA-N,
LFYXNXGVLGKVCJ-UHFFFAOYSA-N,LFYXNXGVLGKVCJ-UHFFFAOYSA-N,
LGTLDEUQCOJGFP-WAYWQWQTSA-N,LGTLDEUQCOJGFP-WAYWQWQTSA-N,
LZWFXVJBIZIHCH-UHFFFAOYSA-N,LZWFXVJBIZIHCH-UHFFFAOYSA-N,
MLLAPOCBLWUFAP-UHFFFAOYSA-N,MLLAPOCBLWUFAP-UHFFFAOYSA-N,
MMOXZBCLCQITDF-UHFFFAOYSA-N,MMOXZBCLCQITDF-UHFFFAOYSA-N,
NGDNVOAEIVQRFH-UHFFFAOYSA-N,NGDNVOAEIVQRFH-UHFFFAOYSA-N,
NPFVOOAXDOBMCE-SNAWJCMRSA-N,NPFVOOAXDOBMCE-SNAWJCMRSA-N,
OCAIYHCKLADPEG-UHFFFAOYSA-N,OCAIYHCKLADPEG-UHFFFAOYSA-N,
PCWGTDULNUVNBN-UHFFFAOYSA-N,PCWGTDULNUVNBN-UHFFFAOYSA-N,
PQLMXFQTAMDXIZ-UHFFFAOYSA-N,PQLMXFQTAMDXIZ-UHFFFAOYSA-N,
PXIKRTCSSLJURC-UHFFFAOYSA-N,PXIKRTCSSLJURC-UHFFFAOYSA-N,
QUSNBJAOOMFDIB-UHFFFAOYSA-N,QUSNBJAOOMFDIB-UHFFFAOYSA-N,
RHLVCLIPMVJYKS-UHFFFAOYSA-N,RHLVCLIPMVJYKS-UHFFFAOYSA-N,
RSDDTPVXLMVLQE-UHFFFAOYSA-N,RSDDTPVXLMVLQE-UHFFFAOYSA-N,
UDEWPOVQBGFNGE-UHFFFAOYSA-N,UDEWPOVQBGFNGE-UHFFFAOYSA-N,
WLJVXDMOQOGPHL-UHFFFAOYSA-N,WLJVXDMOQOGPHL-UHFFFAOYSA-N,
XAOGXQMKWQFZEM-UHFFFAOYSA-N,XAOGXQMKWQFZEM-UHFFFAOYSA-N,
XDEGQMQKHFPBEW-VMPITWQZSA-N,XDEGQMQKHFPBEW-VMPITWQZSA-N,
XVSZRAWFCDHCBP-UHFFFAOYSA-N,XVSZRAWFCDHCBP-UHFFFAOYSA-N,
XXIKYCPRDXIMQM-UHFFFAOYSA-N,XXIKYCPRDXIMQM-UHFFFAOYSA-N,
YOMSJEATGXXYPX-UHFFFAOYSA-N,YOMSJEATGXXYPX-UHFFFAOYSA-N,
ZKPTYCJWRHHBOW-UHFFFAOYSA-N,ZKPTYCJWRHHBOW-UHFFFAOYSA-N,
ZOIRKXLFEHOVER-UHFFFAOYSA-N,ZOIRKXLFEHOVER-UHFFFAOYSA-N,
AMTITFMUKRZZEE-WAYWQWQTSA-N,AMTITFMUKRZZEE-WAYWQWQTSA-N,
ATHGHQPFGPMSJY-UHFFFAOYSA-N,ATHGHQPFGPMSJY-UHFFFAOYSA-N,
CDOSHBSSFJOMGT-JTQLQIEISA-N,CDOSHBSSFJOMGT-JTQLQIEISA-N,
DHMQDGOQFOQNFH-UHFFFAOYSA-N,DHMQDGOQFOQNFH-UHFFFAOYSA-N,
DPBLXKKOBLCELK-UHFFFAOYSA-N,DPBLXKKOBLCELK-UHFFFAOYSA-N,
DUFKCOQISQKSAV-UHFFFAOYSA-N,DUFKCOQISQKSAV-UHFFFAOYSA-N,
FQMZVFJYMPNUCT-YRNVUSSQSA-N,FQMZVFJYMPNUCT-YRNVUSSQSA-N,
GETQZCLCWQTVFV-UHFFFAOYSA-N,GETQZCLCWQTVFV-UHFFFAOYSA-N,
HIGQPQRQIQDZMP-FLIBITNWSA-N,HIGQPQRQIQDZMP-FLIBITNWSA-N,
HNZUNIKWNYHEJJ-FMIVXFBMSA-N,HNZUNIKWNYHEJJ-FMIVXFBMSA-N,
HQABUPZFAYXKJW-UHFFFAOYSA-N,HQABUPZFAYXKJW-UHFFFAOYSA-N,
KIPCKEJKGCXRGA-UHFFFAOYSA-N,KIPCKEJKGCXRGA-UHFFFAOYSA-N,
KYQCOXFCLRTKLS-UHFFFAOYSA-N,KYQCOXFCLRTKLS-UHFFFAOYSA-N,
PAFZNILMFXTMIY-UHFFFAOYSA-N,PAFZNILMFXTMIY-UHFFFAOYSA-N,
PFNFFQXMRSDOHW-UHFFFAOYSA-N,PFNFFQXMRSDOHW-UHFFFAOYSA-N,
QCCDLTOVEPVEJK-UHFFFAOYSA-N,QCCDLTOVEPVEJK-UHFFFAOYSA-N,
QDUXDCXILAPLAG-UHFFFAOYSA-N,QDUXDCXILAPLAG-UHFFFAOYSA-N,
QMVPMAAFGQKVCJ-JTQLQIEISA-N,QMVPMAAFGQKVCJ-JTQLQIEISA-N,
SATCULPHIDQDRE-UHFFFAOYSA-N,SATCULPHIDQDRE-UHFFFAOYSA-N,
TYEYBOSBBBHJIV-UHFFFAOYSA-N,TYEYBOSBBBHJIV-UHFFFAOYSA-N,
UWKAYLJWKGQEPM-UHFFFAOYSA-N,UWKAYLJWKGQEPM-UHFFFAOYSA-N,
VEXZGXHMUGYJMC-UHFFFAOYSA-N,VEXZGXHMUGYJMC-UHFFFAOYSA-N,
VTBOTOBFGSVRMA-UHFFFAOYSA-N,VTBOTOBFGSVRMA-UHFFFAOYSA-N,
WEGYGNROSJDEIW-UHFFFAOYSA-N,WEGYGNROSJDEIW-UHFFFAOYSA-N,
WHUUTDBJXJRKMK-UHFFFAOYSA-N,WHUUTDBJXJRKMK-UHFFFAOYSA-N,
WTARULDDTDQWMU-IUCAKERBSA-N,WTARULDDTDQWMU-IUCAKERBSA-N,
YHQGMYUVUMAZJR-UHFFFAOYSA-N,YHQGMYUVUMAZJR-UHFFFAOYSA-N,
YNQLUTRBYVCPMQ-UHFFFAOYSA-N,YNQLUTRBYVCPMQ-UHFFFAOYSA-N,
YXFVVABEGXRONW-UHFFFAOYSA-N,YXFVVABEGXRONW-UHFFFAOYSA-N,
FWZUNOYOVVKUNF-UHFFFAOYSA-N,FWZUNOYOVVKUNF-UHFFFAOYSA-N,
QNVRIHYSUZMSGM-ZCFIWIBFSA-N,QNVRIHYSUZMSGM-ZCFIWIBFSA-N,
MEIRRNXMZYDVDW-MQQKCMAXSA-N,MEIRRNXMZYDVDW-MQQKCMAXSA-N,
YSNWHRKJEKWJNY-UHFFFAOYSA-N,YSNWHRKJEKWJNY-UHFFFAOYSA-N,
CETWDUZRCINIHU-ZETCQYMHSA-N,CETWDUZRCINIHU-ZETCQYMHSA-N,
GMEONFUTDYJSNV-UHFFFAOYSA-N,GMEONFUTDYJSNV-UHFFFAOYSA-N,
JIGUQPWFLRLWPJ-UHFFFAOYSA-N,JIGUQPWFLRLWPJ-UHFFFAOYSA-N,
BHIWKHZACMWKOJ-UHFFFAOYSA-N,BHIWKHZACMWKOJ-UHFFFAOYSA-N,
WYACBZDAHNBPPB-UHFFFAOYSA-N,WYACBZDAHNBPPB-UHFFFAOYSA-N,
ZKQDCIXGCQPQNV-UHFFFAOYSA-N,ZKQDCIXGCQPQNV-UHFFFAOYSA-N,
CRVGTESFCCXCTH-UHFFFAOYSA-N,CRVGTESFCCXCTH-UHFFFAOYSA-N,
AKNUHUCEWALCOI-UHFFFAOYSA-O,AKNUHUCEWALCOI-UHFFFAOYSA-O,
OSPSWZSRKYCQPF-UHFFFAOYSA-N,OSPSWZSRKYCQPF-UHFFFAOYSA-N,
BDZBKCUKTQZUTL-UHFFFAOYSA-N,BDZBKCUKTQZUTL-UHFFFAOYSA-N,
DWCLXOREGBLXTD-UHFFFAOYSA-N,DWCLXOREGBLXTD-UHFFFAOYSA-N,
YIWUKEYIRIRTPP-UHFFFAOYSA-N,YIWUKEYIRIRTPP-UHFFFAOYSA-N,
VKYKSIONXSXAKP-UHFFFAOYSA-N,VKYKSIONXSXAKP-UHFFFAOYSA-N,
MHAJPDPJQMAIIY-UHFFFAOYSA-N,MHAJPDPJQMAIIY-UHFFFAOYSA-N,
GRYLNZFGIOXLOG-UHFFFAOYSA-N,GRYLNZFGIOXLOG-UHFFFAOYSA-N,
LYGJENNIWJXYER-UHFFFAOYSA-N,LYGJENNIWJXYER-UHFFFAOYSA-N,
WFDIJRYMOXRFFG-UHFFFAOYSA-N,WFDIJRYMOXRFFG-UHFFFAOYSA-N,
ZHNUHDYFZUAESO-UHFFFAOYSA-N,ZHNUHDYFZUAESO-UHFFFAOYSA-N,
WGSVFWFSJDAYBM-BQYQJAHWSA-N,WGSVFWFSJDAYBM-BQYQJAHWSA-N,
ZMQAAUBTXCXRIC-UHFFFAOYSA-N,ZMQAAUBTXCXRIC-UHFFFAOYSA-N,
FHIVAFMUCKRCQO-UHFFFAOYSA-N,FHIVAFMUCKRCQO-UHFFFAOYSA-N,
RDYMFSUJUZBWLH-UHFFFAOYSA-N,RDYMFSUJUZBWLH-UHFFFAOYSA-N,
YLMGFJXSLBMXHK-UHFFFAOYSA-M,YLMGFJXSLBMXHK-UHFFFAOYSA-M,
BAZAXWOYCMUHIX-UHFFFAOYSA-M,BAZAXWOYCMUHIX-UHFFFAOYSA-M,
RWSOTUBLDIXVET-UHFFFAOYSA-N,RWSOTUBLDIXVET-UHFFFAOYSA-N,
XTFIVUDBNACUBN-UHFFFAOYSA-N,XTFIVUDBNACUBN-UHFFFAOYSA-N,
HMWPNDNFTFSCEB-UHFFFAOYSA-N,HMWPNDNFTFSCEB-UHFFFAOYSA-N,
SNIOPGDIGTZGOP-UHFFFAOYSA-N,SNIOPGDIGTZGOP-UHFFFAOYSA-N,
TZRXHJWUDPFEEY-UHFFFAOYSA-N,TZRXHJWUDPFEEY-UHFFFAOYSA-N,
ZTLXICJMNFREPA-UHFFFAOYSA-N,ZTLXICJMNFREPA-UHFFFAOYSA-N,
SPSSULHKWOKEEL-UHFFFAOYSA-N,SPSSULHKWOKEEL-UHFFFAOYSA-N,
KVFIJIWMDBAGDP-UHFFFAOYSA-N,KVFIJIWMDBAGDP-UHFFFAOYSA-N,
MHVIQJDXHDKUAM-UHFFFAOYSA-N,MHVIQJDXHDKUAM-UHFFFAOYSA-N,
QUNOTZOHYZZWKQ-UHFFFAOYSA-N,QUNOTZOHYZZWKQ-UHFFFAOYSA-N,
BOFLOMVCGPWPQC-UHFFFAOYSA-N,BOFLOMVCGPWPQC-UHFFFAOYSA-N,
WKSXRWSOSLGSTN-UHFFFAOYSA-N,WKSXRWSOSLGSTN-UHFFFAOYSA-N,
LNIMMWYNSBZESE-UHFFFAOYSA-N,LNIMMWYNSBZESE-UHFFFAOYSA-N,
DPCILIMHENXHQX-UHFFFAOYSA-N,DPCILIMHENXHQX-UHFFFAOYSA-N,
GZXXANJCCWGCSV-UHFFFAOYSA-N,GZXXANJCCWGCSV-UHFFFAOYSA-N,
GELVZYOEQVJIRR-UHFFFAOYSA-N,GELVZYOEQVJIRR-UHFFFAOYSA-N,
PPJSYGVFDJEMRP-UHFFFAOYSA-N,PPJSYGVFDJEMRP-UHFFFAOYSA-N,
DBZAKQWXICEWNW-UHFFFAOYSA-N,DBZAKQWXICEWNW-UHFFFAOYSA-N,
YZEFQPIMXZVPKP-UHFFFAOYSA-N,YZEFQPIMXZVPKP-UHFFFAOYSA-N,
QMQDJVIJVPEQHE-UHFFFAOYSA-N,QMQDJVIJVPEQHE-UHFFFAOYSA-N,
IAEGWXHKWJGQAZ-UHFFFAOYSA-N,IAEGWXHKWJGQAZ-UHFFFAOYSA-N,
ZHMIODDNZRIENW-UHFFFAOYSA-N,ZHMIODDNZRIENW-UHFFFAOYSA-N,
HJFZAYHYIWGLNL-UHFFFAOYSA-N,HJFZAYHYIWGLNL-UHFFFAOYSA-N,
VKJIAEQRKBQLLA-UHFFFAOYSA-N,VKJIAEQRKBQLLA-UHFFFAOYSA-N,
OXQOBQJCDNLAPO-UHFFFAOYSA-N,OXQOBQJCDNLAPO-UHFFFAOYSA-N,
UCGOSAWBWFUKDT-UHFFFAOYSA-N,UCGOSAWBWFUKDT-UHFFFAOYSA-N,
LCZUOKDVTBMCMX-UHFFFAOYSA-N,LCZUOKDVTBMCMX-UHFFFAOYSA-N,
FINHMKGKINIASC-UHFFFAOYSA-N,FINHMKGKINIASC-UHFFFAOYSA-N,
CAWHJQAVHZEVTJ-UHFFFAOYSA-N,CAWHJQAVHZEVTJ-UHFFFAOYSA-N,
QKVWBAMZPUHCMO-UHFFFAOYSA-N,QKVWBAMZPUHCMO-UHFFFAOYSA-N,
AFFLGGQVNFXPEV-UHFFFAOYSA-N,AFFLGGQVNFXPEV-UHFFFAOYSA-N,
AIQLNKITFBJPFO-WAYWQWQTSA-N,AIQLNKITFBJPFO-WAYWQWQTSA-N,
AJKVQEKCUACUMD-UHFFFAOYSA-N,AJKVQEKCUACUMD-UHFFFAOYSA-N,
ARXJGSRGQADJSQ-UHFFFAOYSA-N,ARXJGSRGQADJSQ-UHFFFAOYSA-N,
AUKVIBNBLXQNIZ-UHFFFAOYSA-N,AUKVIBNBLXQNIZ-UHFFFAOYSA-N,
AXISYYRBXTVTFY-UHFFFAOYSA-N,AXISYYRBXTVTFY-UHFFFAOYSA-N,
AXIUBBVSOWPLDA-UHFFFAOYSA-N,AXIUBBVSOWPLDA-UHFFFAOYSA-N,
AYWJSCLAAPJZEF-UHFFFAOYSA-N,AYWJSCLAAPJZEF-UHFFFAOYSA-N,
AZQWKYJCGOJGHM-UHFFFAOYSA-N,AZQWKYJCGOJGHM-UHFFFAOYSA-N,
BATOPAZDIZEVQF-MQQKCMAXSA-N,BATOPAZDIZEVQF-MQQKCMAXSA-N,
BAUZLFKYYIVGPM-UHFFFAOYSA-N,BAUZLFKYYIVGPM-UHFFFAOYSA-N,
BCOXBEHFBZOJJZ-ARJAWSKDSA-N,BCOXBEHFBZOJJZ-ARJAWSKDSA-N,
BGHCVCJVXZWKCC-UHFFFAOYSA-N,BGHCVCJVXZWKCC-UHFFFAOYSA-N,
BGTOWKSIORTVQH-UHFFFAOYSA-N,BGTOWKSIORTVQH-UHFFFAOYSA-N,
BHNHHSOHWZKFOX-UHFFFAOYSA-N,BHNHHSOHWZKFOX-UHFFFAOYSA-N,
BJQWYEJQWHSSCJ-UHFFFAOYSA-N,BJQWYEJQWHSSCJ-UHFFFAOYSA-N,
BLRHMMGNCXNXJL-UHFFFAOYSA-N,BLRHMMGNCXNXJL-UHFFFAOYSA-N,
BMVXCPBXGZKUPN-UHFFFAOYSA-N,BMVXCPBXGZKUPN-UHFFFAOYSA-N,
BNWJOHGLIBDBOB-UHFFFAOYSA-N,BNWJOHGLIBDBOB-UHFFFAOYSA-N,
BOTWFXYSPFMFNR-PYDDKJGSSA-N,BOTWFXYSPFMFNR-PYDDKJGSSA-N,
BQOFWKZOCNGFEC-BDAKNGLRSA-N,BQOFWKZOCNGFEC-BDAKNGLRSA-N,
BSYNRYMUTXBXSQ-UHFFFAOYSA-N,BSYNRYMUTXBXSQ-UHFFFAOYSA-N,
BTSIZIIPFNVMHF-ARJAWSKDSA-N,BTSIZIIPFNVMHF-ARJAWSKDSA-N,
BWVZAZPLUTUBKD-UHFFFAOYSA-N,BWVZAZPLUTUBKD-UHFFFAOYSA-N,
BXWNKGSJHAJOGX-UHFFFAOYSA-N,BXWNKGSJHAJOGX-UHFFFAOYSA-N,
CBJPZHSWLMJQRI-UHFFFAOYSA-N,CBJPZHSWLMJQRI-UHFFFAOYSA-N,
CCCMONHAUSKTEQ-UHFFFAOYSA-N,CCCMONHAUSKTEQ-UHFFFAOYSA-N,
CDOSHBSSFJOMGT-SNVBAGLBSA-N,CDOSHBSSFJOMGT-SNVBAGLBSA-N,
CERQOIWHTDAKMF-UHFFFAOYSA-N,CERQOIWHTDAKMF-UHFFFAOYSA-N,
CFAKWWQIUFSQFU-UHFFFAOYSA-N,CFAKWWQIUFSQFU-UHFFFAOYSA-N,
CHLICZRVGGXEOD-UHFFFAOYSA-N,CHLICZRVGGXEOD-UHFFFAOYSA-N,
CKLJMWTZIZZHCS-UHFFFAOYSA-N,CKLJMWTZIZZHCS-UHFFFAOYSA-N,
CPLJMYOQYRCCBY-UHFFFAOYSA-N,CPLJMYOQYRCCBY-UHFFFAOYSA-N,
CRPUJAZIXJMDBK-DTWKUNHWSA-N,CRPUJAZIXJMDBK-DTWKUNHWSA-N,
CRPUJAZIXJMDBK-BDAKNGLRSA-N,CRPUJAZIXJMDBK-BDAKNGLRSA-N,
CTQNGGLPUBDAKN-UHFFFAOYSA-N,CTQNGGLPUBDAKN-UHFFFAOYSA-N,
CXENHBSYCFFKJS-VDQVFBMKSA-N,CXENHBSYCFFKJS-VDQVFBMKSA-N,
CXWXQJXEFPUFDZ-UHFFFAOYSA-N,CXWXQJXEFPUFDZ-UHFFFAOYSA-N,
CZASMUMJSKOHFJ-UHFFFAOYSA-N,CZASMUMJSKOHFJ-UHFFFAOYSA-N,
DCAYPVUWAIABOU-UHFFFAOYSA-N,DCAYPVUWAIABOU-UHFFFAOYSA-N,
DFYRUELUNQRZTB-UHFFFAOYSA-N,DFYRUELUNQRZTB-UHFFFAOYSA-N,
DGVVWUTYPXICAM-UHFFFAOYSA-N,DGVVWUTYPXICAM-UHFFFAOYSA-N,
DJOCFLQKCMWABC-UHFFFAOYSA-N,DJOCFLQKCMWABC-UHFFFAOYSA-N,
DLVYTANECMRFGX-UHFFFAOYSA-N,DLVYTANECMRFGX-UHFFFAOYSA-N,
DNIAPMSPPWPWGF-UHFFFAOYSA-N,DNIAPMSPPWPWGF-UHFFFAOYSA-N,
DSSYKIVIOFKYAU-OMNKOJBGSA-N,DSSYKIVIOFKYAU-OMNKOJBGSA-N,
DSSYKIVIOFKYAU-UHFFFAOYSA-N,DSSYKIVIOFKYAU-UHFFFAOYSA-N,
DTGKSKDOIYIVQL-XKSSXDPKSA-N,DTGKSKDOIYIVQL-XKSSXDPKSA-N,
DTGKSKDOIYIVQL-ZCUBBSJVSA-N,DTGKSKDOIYIVQL-ZCUBBSJVSA-N,
DTGXDHGNUDOWJS-UHFFFAOYSA-N,DTGXDHGNUDOWJS-UHFFFAOYSA-N,
DYLPEFGBWGEFBB-OSFYFWSMSA-N,DYLPEFGBWGEFBB-OSFYFWSMSA-N,
DZAUWHJDUNRCTF-UHFFFAOYSA-N,DZAUWHJDUNRCTF-UHFFFAOYSA-N,
FGKJLKRYENPLQH-UHFFFAOYSA-N,FGKJLKRYENPLQH-UHFFFAOYSA-N,
FGPPDYNPZTUNIU-UHFFFAOYSA-N,FGPPDYNPZTUNIU-UHFFFAOYSA-N,
FHKSXSQHXQEMOK-LURJTMIESA-N,FHKSXSQHXQEMOK-LURJTMIESA-N,
FIGVVZUWCLSUEI-UHFFFAOYSA-N,FIGVVZUWCLSUEI-UHFFFAOYSA-N,
FNAZRRHPUDJQCJ-UHFFFAOYSA-N,FNAZRRHPUDJQCJ-UHFFFAOYSA-N,
FQTLCLSUCSAZDY-SDNWHVSQSA-N,FQTLCLSUCSAZDY-SDNWHVSQSA-N,
FUDNBFMOXDUIIE-JTQLQIEISA-N,FUDNBFMOXDUIIE-JTQLQIEISA-N,
FUGYGGDSWSUORM-UHFFFAOYSA-N,FUGYGGDSWSUORM-UHFFFAOYSA-N,
GDWRKZLROIFUML-UHFFFAOYSA-N,GDWRKZLROIFUML-UHFFFAOYSA-N,
GEWDNTWNSAZUDX-WQMVXFAESA-N,GEWDNTWNSAZUDX-WQMVXFAESA-N,
GHVNFZFCNZKVNT-UHFFFAOYSA-N,GHVNFZFCNZKVNT-UHFFFAOYSA-N,
GJWSUKYXUMVMGX-UHFFFAOYSA-N,GJWSUKYXUMVMGX-UHFFFAOYSA-N,
GLDOVTGHNKAZLK-UHFFFAOYSA-N,GLDOVTGHNKAZLK-UHFFFAOYSA-N,
GRHQDJDRGZFIPO-UHFFFAOYSA-N,GRHQDJDRGZFIPO-UHFFFAOYSA-N,
GWHJZXXIDMPWGX-UHFFFAOYSA-N,GWHJZXXIDMPWGX-UHFFFAOYSA-N,
GXANMBISFKBPEX-ARJAWSKDSA-N,GXANMBISFKBPEX-ARJAWSKDSA-N,
GYCKQBWUSACYIF-UHFFFAOYSA-N,GYCKQBWUSACYIF-UHFFFAOYSA-N,
HFJRKMMYBMWEAD-UHFFFAOYSA-N,HFJRKMMYBMWEAD-UHFFFAOYSA-N,
HFLGBNBLMBSXEM-UHFFFAOYSA-N,HFLGBNBLMBSXEM-UHFFFAOYSA-N,
HHVIBTZHLRERCL-UHFFFAOYSA-N,HHVIBTZHLRERCL-UHFFFAOYSA-N,
HITOXZPZGPXYHY-UJURSFKZSA-N,HITOXZPZGPXYHY-UJURSFKZSA-N,
HLZKNKRTKFSKGZ-UHFFFAOYSA-N,HLZKNKRTKFSKGZ-UHFFFAOYSA-N,
HMNKTRSOROOSPP-UHFFFAOYSA-N,HMNKTRSOROOSPP-UHFFFAOYSA-N,
HMSWAIKSFDFLKN-UHFFFAOYSA-N,HMSWAIKSFDFLKN-UHFFFAOYSA-N,
HNJBEVLQSNELDL-UHFFFAOYSA-N,HNJBEVLQSNELDL-UHFFFAOYSA-N,
HOWGUJZVBDQJKV-UHFFFAOYSA-N,HOWGUJZVBDQJKV-UHFFFAOYSA-N,
HRGPYCVTDOECMG-WALBABNVSA-N,HRGPYCVTDOECMG-WALBABNVSA-N,
HTSABYAWKQAHBT-UHFFFAOYSA-N,HTSABYAWKQAHBT-UHFFFAOYSA-N,
HYFLWBNQFMXCPA-UHFFFAOYSA-N,HYFLWBNQFMXCPA-UHFFFAOYSA-N,
IAIHUHQCLTYTSF-OYNCUSHFSA-N,IAIHUHQCLTYTSF-OYNCUSHFSA-N,
IEPWIPZLLIOZLU-ONEGZZNKSA-N,IEPWIPZLLIOZLU-ONEGZZNKSA-N,
IGIDLTISMCAULB-UHFFFAOYSA-N,IGIDLTISMCAULB-UHFFFAOYSA-N,
IHPKGUQCSIINRJ-CSKARUKUSA-N,IHPKGUQCSIINRJ-CSKARUKUSA-N,
IHPKGUQCSIINRJ-NTMALXAHSA-N,IHPKGUQCSIINRJ-NTMALXAHSA-N,
IOJUPLGTWVMSFF-UHFFFAOYSA-N,IOJUPLGTWVMSFF-UHFFFAOYSA-N,
IPCSVZSSVZVIGE-UHFFFAOYSA-N,IPCSVZSSVZVIGE-UHFFFAOYSA-N,
IRAQOCYXUMOFCW-OSFYFWSMSA-N,IRAQOCYXUMOFCW-OSFYFWSMSA-N,
IVSZLXZYQVIEFR-UHFFFAOYSA-N,IVSZLXZYQVIEFR-UHFFFAOYSA-N,
IWTBVKIGCDZRPL-UHFFFAOYSA-N,IWTBVKIGCDZRPL-UHFFFAOYSA-N,
JDQVBGQWADMTAM-UHFFFAOYSA-N,JDQVBGQWADMTAM-UHFFFAOYSA-N,
JGMYDQCXGIMHLL-WAYWQWQTSA-N,JGMYDQCXGIMHLL-WAYWQWQTSA-N,
JJYWRQLLQAKNAD-SNAWJCMRSA-M,JJYWRQLLQAKNAD-SNAWJCMRSA-M,
JKOTZBXSNOGCIF-UHFFFAOYSA-N,JKOTZBXSNOGCIF-UHFFFAOYSA-N,
JNWQKXUWZWKUAY-BAGHCZIJSA-N,JNWQKXUWZWKUAY-BAGHCZIJSA-N,
JRLPEMVDPFPYPJ-UHFFFAOYSA-N,JRLPEMVDPFPYPJ-UHFFFAOYSA-N,
JVTAAEKCZFNVCJ-REOHCLBHSA-N,JVTAAEKCZFNVCJ-REOHCLBHSA-N,
KDSNLYIMUZNERS-UHFFFAOYSA-N,KDSNLYIMUZNERS-UHFFFAOYSA-N,
KEBDNKNVCHQIJU-UHFFFAOYSA-N,KEBDNKNVCHQIJU-UHFFFAOYSA-N,
KFZXVMNBUMVKLN-UHFFFAOYSA-N,KFZXVMNBUMVKLN-UHFFFAOYSA-N,
KGEKLUUHTZCSIP-UHFFFAOYSA-N,KGEKLUUHTZCSIP-UHFFFAOYSA-N,
KGWPHCDTOLQQEP-UHFFFAOYSA-N,KGWPHCDTOLQQEP-UHFFFAOYSA-N,
KITGYVIOYOCIIE-PTFSRLPTSA-N,KITGYVIOYOCIIE-PTFSRLPTSA-N,
KMPQYAYAQWNLME-UHFFFAOYSA-N,KMPQYAYAQWNLME-UHFFFAOYSA-N,
KRIOVPPHQSLHCZ-UHFFFAOYSA-N,KRIOVPPHQSLHCZ-UHFFFAOYSA-N,
KSEBMYQBYZTDHS-HWKANZROSA-N,KSEBMYQBYZTDHS-HWKANZROSA-N,
KSXTZYRIJKDCEA-UHFFFAOYSA-N,KSXTZYRIJKDCEA-UHFFFAOYSA-N,
KWKAKUADMBZCLK-UHFFFAOYSA-N,KWKAKUADMBZCLK-UHFFFAOYSA-N,
KYWIYKKSMDLRDC-UHFFFAOYSA-N,KYWIYKKSMDLRDC-UHFFFAOYSA-N,
KYZHGEFMXZOSJN-UHFFFAOYSA-N,KYZHGEFMXZOSJN-UHFFFAOYSA-N,
LCOSCMLXPAQCLQ-UHFFFAOYSA-N,LCOSCMLXPAQCLQ-UHFFFAOYSA-N,
LGYNIFWIKSEESD-UHFFFAOYSA-N,LGYNIFWIKSEESD-UHFFFAOYSA-N,
LLHKCFNBLRBOGN-UHFFFAOYSA-N,LLHKCFNBLRBOGN-UHFFFAOYSA-N,
LPWKTEHEFDVAQS-VOTSOKGWSA-N,LPWKTEHEFDVAQS-VOTSOKGWSA-N,
LQKRYVGRPXFFAV-UHFFFAOYSA-N,LQKRYVGRPXFFAV-UHFFFAOYSA-N,
LUYISICIYVKBTA-UHFFFAOYSA-N,LUYISICIYVKBTA-UHFFFAOYSA-N,
LVSQXDHWDCMMRJ-UHFFFAOYSA-N,LVSQXDHWDCMMRJ-UHFFFAOYSA-N,
LZCLXQDLBQLTDK-BYPYZUCNSA-N,LZCLXQDLBQLTDK-BYPYZUCNSA-N,
MFKRHJVUCZRDTF-UHFFFAOYSA-N,MFKRHJVUCZRDTF-UHFFFAOYSA-N,
MIJDSYMOBYNHOT-UHFFFAOYSA-N,MIJDSYMOBYNHOT-UHFFFAOYSA-N,
MNDIARAMWBIKFW-UHFFFAOYSA-N,MNDIARAMWBIKFW-UHFFFAOYSA-N,
MPKOLWUWOADQCX-BMRADRMJSA-N,MPKOLWUWOADQCX-BMRADRMJSA-N,
MSXVEPNJUHWQHW-UHFFFAOYSA-N,MSXVEPNJUHWQHW-UHFFFAOYSA-N,
MUXOBHXGJLMRAB-UHFFFAOYSA-N,MUXOBHXGJLMRAB-UHFFFAOYSA-N,
MYMSJFSOOQERIO-UHFFFAOYSA-N,MYMSJFSOOQERIO-UHFFFAOYSA-N,
NDVASEGYNIMXJL-UHFFFAOYSA-N,NDVASEGYNIMXJL-UHFFFAOYSA-N,
NGSWKAQJJWESNS-ZZXKWVIFSA-N,NGSWKAQJJWESNS-ZZXKWVIFSA-N,
NHKIYYMFGJBOTK-UHFFFAOYSA-N,NHKIYYMFGJBOTK-UHFFFAOYSA-N,
NIXOWILDQLNWCW-UHFFFAOYSA-N,NIXOWILDQLNWCW-UHFFFAOYSA-N,
NKCQEIXYLHACJC-UHFFFAOYSA-N,NKCQEIXYLHACJC-UHFFFAOYSA-N,
NMHMNPHRMNGLLB-UHFFFAOYSA-N,NMHMNPHRMNGLLB-UHFFFAOYSA-N,
NNWHUJCUHAELCL-SNAWJCMRSA-N,NNWHUJCUHAELCL-SNAWJCMRSA-N,
NSSALFVIQPAIQK-BQYQJAHWSA-N,NSSALFVIQPAIQK-BQYQJAHWSA-N,
NVEQFIOZRFFVFW-RGCMKSIDSA-N,NVEQFIOZRFFVFW-RGCMKSIDSA-N,
NVRVNSHHLPQGCU-UHFFFAOYSA-M,NVRVNSHHLPQGCU-UHFFFAOYSA-M,
NWZQCEQAPBRMFX-UHFFFAOYSA-N,NWZQCEQAPBRMFX-UHFFFAOYSA-N,
OCWLYWIFNDCWRZ-UHFFFAOYSA-N,OCWLYWIFNDCWRZ-UHFFFAOYSA-N,
ODLMAHJVESYWTB-UHFFFAOYSA-N,ODLMAHJVESYWTB-UHFFFAOYSA-N,
ODNRTOSCFYDTKF-UHFFFAOYSA-N,ODNRTOSCFYDTKF-UHFFFAOYSA-N,
OGLDWXZKYODSOB-SNVBAGLBSA-N,OGLDWXZKYODSOB-SNVBAGLBSA-N,
OHEFFKYYKJVVOX-MRVPVSSYSA-N,OHEFFKYYKJVVOX-MRVPVSSYSA-N,
OHEFFKYYKJVVOX-QMMMGPOBSA-N,OHEFFKYYKJVVOX-QMMMGPOBSA-N,
OHEFFKYYKJVVOX-UHFFFAOYSA-N,OHEFFKYYKJVVOX-UHFFFAOYSA-N,
OJVAMHKKJGICOG-UHFFFAOYSA-N,OJVAMHKKJGICOG-UHFFFAOYSA-N,
OKJPEAGHQZHRQV-UHFFFAOYSA-N,OKJPEAGHQZHRQV-UHFFFAOYSA-N,
ONKNPOPIGWHAQC-UHFFFAOYSA-N,ONKNPOPIGWHAQC-UHFFFAOYSA-N,
OPFTUNCRGUEPRZ-UHFFFAOYSA-N,OPFTUNCRGUEPRZ-UHFFFAOYSA-N,
OSMAJVWUIUORGC-WAYWQWQTSA-N,OSMAJVWUIUORGC-WAYWQWQTSA-N,
OTKQNSSMCDLVQV-UHFFFAOYSA-N,OTKQNSSMCDLVQV-UHFFFAOYSA-N,
OUYCCCASQSFEME-UHFFFAOYSA-N,OUYCCCASQSFEME-UHFFFAOYSA-N,
OVJCOXQJBRJIRJ-OVCLIPMQSA-N,OVJCOXQJBRJIRJ-OVCLIPMQSA-N,
PCGACKLJNBBQGM-VOTSOKGWSA-N,PCGACKLJNBBQGM-VOTSOKGWSA-N,
PDSNLYSELAIEBU-UHFFFAOYSA-N,PDSNLYSELAIEBU-UHFFFAOYSA-N,
PHXATPHONSXBIL-JTQLQIEISA-N,PHXATPHONSXBIL-JTQLQIEISA-N,
PIICEJLVQHRZGT-UHFFFAOYSA-N,PIICEJLVQHRZGT-UHFFFAOYSA-N,
POAOYUHQDCAZBD-UHFFFAOYSA-N,POAOYUHQDCAZBD-UHFFFAOYSA-N,
POOSGDOYLQNASK-UHFFFAOYSA-N,POOSGDOYLQNASK-UHFFFAOYSA-N,
POULHZVOKOAJMA-UHFFFAOYSA-N,POULHZVOKOAJMA-UHFFFAOYSA-N,
PPBRXRYQALVLMV-UHFFFAOYSA-N,PPBRXRYQALVLMV-UHFFFAOYSA-N,
QAIPRVGONGVQAS-RQOWECAXSA-N,QAIPRVGONGVQAS-RQOWECAXSA-N,
QAOXMQCWUWZZNC-ONEGZZNKSA-M,QAOXMQCWUWZZNC-ONEGZZNKSA-M,
QARVLSVVCXYDNA-UHFFFAOYSA-N,QARVLSVVCXYDNA-UHFFFAOYSA-N,
QCDWFXQBSFUVSP-UHFFFAOYSA-N,QCDWFXQBSFUVSP-UHFFFAOYSA-N,
QEBNYNLSCGVZOH-UHFFFAOYSA-N,QEBNYNLSCGVZOH-UHFFFAOYSA-N,
QIQXTHQIDYTFRH-UHFFFAOYSA-N,QIQXTHQIDYTFRH-UHFFFAOYSA-N,
QJJDNZGPQDGNDX-UHFFFAOYSA-N,QJJDNZGPQDGNDX-UHFFFAOYSA-N,
QJQZRLXDLORINA-UHFFFAOYSA-N,QJQZRLXDLORINA-UHFFFAOYSA-N,
QKNZNUNCDJZTCH-UHFFFAOYSA-N,QKNZNUNCDJZTCH-UHFFFAOYSA-N,
QPRQEDXDYOZYLA-UHFFFAOYSA-N,QPRQEDXDYOZYLA-UHFFFAOYSA-N,
QUEBYVKXYIKVSO-UHFFFAOYSA-N,QUEBYVKXYIKVSO-UHFFFAOYSA-N,
QYDYPVFESGNLHU-ZHACJKMWSA-N,QYDYPVFESGNLHU-ZHACJKMWSA-N,
REIUXOLGHVXAEO-UHFFFAOYSA-N,REIUXOLGHVXAEO-UHFFFAOYSA-N,
RFFLAFLAYFXFSW-UHFFFAOYSA-N,RFFLAFLAYFXFSW-UHFFFAOYSA-N,
RGACQXBDYBCJCY-ALCCZGGFSA-N,RGACQXBDYBCJCY-ALCCZGGFSA-N,
RGFNRWTWDWVHDD-UHFFFAOYSA-N,RGFNRWTWDWVHDD-UHFFFAOYSA-N,
RHVMNRHQWXIJIS-WAYWQWQTSA-N,RHVMNRHQWXIJIS-WAYWQWQTSA-N,
RRHGJUQNOFWUDK-UHFFFAOYSA-N,RRHGJUQNOFWUDK-UHFFFAOYSA-N,
RSJKGSCJYJTIGS-UHFFFAOYSA-N,RSJKGSCJYJTIGS-UHFFFAOYSA-N,
RTZZCYNQPHTPPL-UHFFFAOYSA-N,RTZZCYNQPHTPPL-UHFFFAOYSA-N,
RWGFKTVRMDUZSP-UHFFFAOYSA-N,RWGFKTVRMDUZSP-UHFFFAOYSA-N,
RXGUIWHIADMCFC-UHFFFAOYSA-N,RXGUIWHIADMCFC-UHFFFAOYSA-N,
SECXISVLQFMRJM-UHFFFAOYSA-N,SECXISVLQFMRJM-UHFFFAOYSA-N,
SESFRYSPDFLNCH-UHFFFAOYSA-N,SESFRYSPDFLNCH-UHFFFAOYSA-N,
SGVYKUFIHHTIFL-UHFFFAOYSA-N,SGVYKUFIHHTIFL-UHFFFAOYSA-N,
SNICXCGAKADSCV-JTQLQIEISA-N,SNICXCGAKADSCV-JTQLQIEISA-N,
SNRUBQQJIBEYMU-UHFFFAOYSA-N,SNRUBQQJIBEYMU-UHFFFAOYSA-N,
SQIPCPAQCPMJFW-UHFFFAOYSA-N,SQIPCPAQCPMJFW-UHFFFAOYSA-N,
STJIISDMSMJQQK-UHFFFAOYSA-N,STJIISDMSMJQQK-UHFFFAOYSA-N,
SWXVUIWOUIDPGS-UHFFFAOYSA-N,SWXVUIWOUIDPGS-UHFFFAOYSA-N,
SXOZDDAFVJANJP-UHFFFAOYSA-N,SXOZDDAFVJANJP-UHFFFAOYSA-N,
SYBYTAAJFKOIEJ-UHFFFAOYSA-N,SYBYTAAJFKOIEJ-UHFFFAOYSA-N,
SYDNSSSQVSOXTN-UHFFFAOYSA-N,SYDNSSSQVSOXTN-UHFFFAOYSA-N,
TUNFSRHWOTWDNC-UHFFFAOYSA-N,TUNFSRHWOTWDNC-UHFFFAOYSA-N,
TWLLPUMZVVGILS-UHFFFAOYSA-N,TWLLPUMZVVGILS-UHFFFAOYSA-N,
UBLAMKHIFZBBSS-UHFFFAOYSA-N,UBLAMKHIFZBBSS-UHFFFAOYSA-N,
UEEJHVSXFDXPFK-UHFFFAOYSA-N,UEEJHVSXFDXPFK-UHFFFAOYSA-N,
UFWIBTONFRDIAS-UHFFFAOYSA-N,UFWIBTONFRDIAS-UHFFFAOYSA-N,
UIERETOOQGIECD-ARJAWSKDSA-N,UIERETOOQGIECD-ARJAWSKDSA-N,
UIERETOOQGIECD-ONEGZZNKSA-N,UIERETOOQGIECD-ONEGZZNKSA-N,
UIUWNILCHFBLEQ-NSCUHMNNSA-N,UIUWNILCHFBLEQ-NSCUHMNNSA-N,
UJPPXNXOEVDSRW-UHFFFAOYSA-N,UJPPXNXOEVDSRW-UHFFFAOYSA-N,
UNNGUFMVYQJGTD-UHFFFAOYSA-N,UNNGUFMVYQJGTD-UHFFFAOYSA-N,
UPMAOXLCTXPPAG-UHFFFAOYSA-N,UPMAOXLCTXPPAG-UHFFFAOYSA-N,
UPOSSYJVWXLPTA-UHFFFAOYSA-N,UPOSSYJVWXLPTA-UHFFFAOYSA-N,
UQPLEMTXCSYMEK-VQHVLOKHSA-N,UQPLEMTXCSYMEK-VQHVLOKHSA-N,
URAYPUMNDPQOKB-UHFFFAOYSA-N,URAYPUMNDPQOKB-UHFFFAOYSA-N,
URLKBWYHVLBVBO-UHFFFAOYSA-N,URLKBWYHVLBVBO-UHFFFAOYSA-N,
UVZICZIVKIMRNE-UHFFFAOYSA-N,UVZICZIVKIMRNE-UHFFFAOYSA-N,
UXUPPWPIGVTVQI-UHFFFAOYSA-N,UXUPPWPIGVTVQI-UHFFFAOYSA-N,
VAMXMNNIEUEQDV-UHFFFAOYSA-N,VAMXMNNIEUEQDV-UHFFFAOYSA-N,
VBCIOOKAKHGVMI-UHFFFAOYSA-N,VBCIOOKAKHGVMI-UHFFFAOYSA-N,
VDHRTASWKDTLER-ARJAWSKDSA-N,VDHRTASWKDTLER-ARJAWSKDSA-N,
VGIRHYHLQKDEPP-UHFFFAOYSA-N,VGIRHYHLQKDEPP-UHFFFAOYSA-N,
VGMJYYDKPUPTID-UHFFFAOYSA-N,VGMJYYDKPUPTID-UHFFFAOYSA-N,
VHOMAPWVLKRQAZ-UHFFFAOYSA-N,VHOMAPWVLKRQAZ-UHFFFAOYSA-N,
VLXDPFLIRFYIME-ZPWMNFGTSA-N,VLXDPFLIRFYIME-ZPWMNFGTSA-N,
VONGZNXBKCOUHB-UHFFFAOYSA-N,VONGZNXBKCOUHB-UHFFFAOYSA-N,
VSMOENVRRABVKN-QMMMGPOBSA-N,VSMOENVRRABVKN-QMMMGPOBSA-N,
VTWDKFNVVLAELH-UHFFFAOYSA-N,VTWDKFNVVLAELH-UHFFFAOYSA-N,
WBRFDUJXCLCKPX-UHFFFAOYSA-N,WBRFDUJXCLCKPX-UHFFFAOYSA-N,
WERYXYBDKMZEQL-UHFFFAOYSA-N,WERYXYBDKMZEQL-UHFFFAOYSA-N,
WGGJTPQHVFOGPN-PLNGDYQASA-N,WGGJTPQHVFOGPN-PLNGDYQASA-N,
WGYKZJWCGVVSQN-UHFFFAOYSA-N,WGYKZJWCGVVSQN-UHFFFAOYSA-N,
WHWDWIHXSPCOKZ-UHFFFAOYSA-N,WHWDWIHXSPCOKZ-UHFFFAOYSA-N,
WLAMNBDJUVNPJU-UHFFFAOYSA-N,WLAMNBDJUVNPJU-UHFFFAOYSA-N,
WNJSKZBEWNVKGU-UHFFFAOYSA-N,WNJSKZBEWNVKGU-UHFFFAOYSA-N,
WNXNUPJZWYOKMW-UHFFFAOYSA-N,WNXNUPJZWYOKMW-UHFFFAOYSA-N,
WQOXQRCZOLPYPM-UHFFFAOYSA-N,WQOXQRCZOLPYPM-UHFFFAOYSA-N,
WRFZKAGPPQGDDQ-UHFFFAOYSA-N,WRFZKAGPPQGDDQ-UHFFFAOYSA-N,
CCEFMUBVSUDRLG-XNWIYYODSA-N,CCEFMUBVSUDRLG-XNWIYYODSA-N,
WTOYNNBCKUYIKC-JMSVASOKSA-N,WTOYNNBCKUYIKC-JMSVASOKSA-N,
WTTJVINHCBCLGX-NQLNTKRDSA-N,WTTJVINHCBCLGX-NQLNTKRDSA-N,
WXCMHFPAUCOJIG-UHFFFAOYSA-N,WXCMHFPAUCOJIG-UHFFFAOYSA-N,
XCYJPXQACVEIOS-UHFFFAOYSA-N,XCYJPXQACVEIOS-UHFFFAOYSA-N,
XEAIHUDTEINXFG-SNAWJCMRSA-N,XEAIHUDTEINXFG-SNAWJCMRSA-N,
XFRVVPUIAFSTFO-UHFFFAOYSA-N,XFRVVPUIAFSTFO-UHFFFAOYSA-N,
XINCECQTMHSORG-UHFFFAOYSA-N,XINCECQTMHSORG-UHFFFAOYSA-N,
XJHQVZQZUGLZLS-ARJAWSKDSA-N,XJHQVZQZUGLZLS-ARJAWSKDSA-N,
XOAAWQZATWQOTB-UHFFFAOYSA-N,XOAAWQZATWQOTB-UHFFFAOYSA-N,
XPFTVTFOOTVHIA-FNORWQNLSA-N,XPFTVTFOOTVHIA-FNORWQNLSA-N,
XPFVYQJUAUNWIW-UHFFFAOYSA-N,XPFVYQJUAUNWIW-UHFFFAOYSA-N,
XSIFPSYPOVKYCO-UHFFFAOYSA-N,XSIFPSYPOVKYCO-UHFFFAOYSA-N,
XUGNVMKQXJXZCD-UHFFFAOYSA-N,XUGNVMKQXJXZCD-UHFFFAOYSA-N,
XUWHAWMETYGRKB-UHFFFAOYSA-N,XUWHAWMETYGRKB-UHFFFAOYSA-N,
XXHDAWYDNSXJQM-ARJAWSKDSA-N,XXHDAWYDNSXJQM-ARJAWSKDSA-N,
XXHDAWYDNSXJQM-ONEGZZNKSA-N,XXHDAWYDNSXJQM-ONEGZZNKSA-N,
YFTHZRPMJXBUME-UHFFFAOYSA-N,YFTHZRPMJXBUME-UHFFFAOYSA-N,
YKFLAYDHMOASIY-UHFFFAOYSA-N,YKFLAYDHMOASIY-UHFFFAOYSA-N,
YKNWIILGEFFOPE-UHFFFAOYSA-N,YKNWIILGEFFOPE-UHFFFAOYSA-N,
YMWUJEATGCHHMB-UHFFFAOYSA-N,YMWUJEATGCHHMB-UHFFFAOYSA-N,
YPKBCLZFIYBSHK-UHFFFAOYSA-N,YPKBCLZFIYBSHK-UHFFFAOYSA-N,
YRKCREAYFQTBPV-UHFFFAOYSA-N,YRKCREAYFQTBPV-UHFFFAOYSA-N,
YSHXMTRDMDYAEC-UHFFFAOYSA-N,YSHXMTRDMDYAEC-UHFFFAOYSA-N,
YSJHMPXIMIOXGU-UHFFFAOYSA-N,YSJHMPXIMIOXGU-UHFFFAOYSA-N,
YTHRBOFHFYZBRJ-UHFFFAOYSA-N,YTHRBOFHFYZBRJ-UHFFFAOYSA-N,
YWHLKYXPLRWGSE-UHFFFAOYSA-N,YWHLKYXPLRWGSE-UHFFFAOYSA-N,
YYPNJNDODFVZLE-UHFFFAOYSA-N,YYPNJNDODFVZLE-UHFFFAOYSA-N,
YZJCDVRXBOPXSQ-UHFFFAOYSA-N,YZJCDVRXBOPXSQ-UHFFFAOYSA-N,
ZAZKJZBWRNNLDS-UHFFFAOYSA-N,ZAZKJZBWRNNLDS-UHFFFAOYSA-N,
ZCFOBLITZWHNNC-VOTSOKGWSA-N,ZCFOBLITZWHNNC-VOTSOKGWSA-N,
ZCHOPXVYTWUHDS-WAYWQWQTSA-N,ZCHOPXVYTWUHDS-WAYWQWQTSA-N,
ZCTQGTTXIYCGGC-UHFFFAOYSA-N,ZCTQGTTXIYCGGC-UHFFFAOYSA-N,
ZFRKQXVRDFCRJG-UHFFFAOYSA-N,ZFRKQXVRDFCRJG-UHFFFAOYSA-N,
ZLCSFXXPPANWQY-UHFFFAOYSA-N,ZLCSFXXPPANWQY-UHFFFAOYSA-N,
ZMANZCXQSJIPKH-UHFFFAOYSA-N,ZMANZCXQSJIPKH-UHFFFAOYSA-N,
ZOJBYZNEUISWFT-UHFFFAOYSA-N,ZOJBYZNEUISWFT-UHFFFAOYSA-N,
ZQPPMHVWECSIRJ-MDZDMXLPSA-N,ZQPPMHVWECSIRJ-MDZDMXLPSA-N,
ZYURHZPYMFLWSH-UHFFFAOYSA-N,ZYURHZPYMFLWSH-UHFFFAOYSA-N,
VFPFQHQNJCMNBZ-UHFFFAOYSA-N,VFPFQHQNJCMNBZ-UHFFFAOYSA-N,
CBOQJANXLMLOSS-UHFFFAOYSA-N,CBOQJANXLMLOSS-UHFFFAOYSA-N,
REFJWTPEDVJJIY-UHFFFAOYSA-N,REFJWTPEDVJJIY-UHFFFAOYSA-N,
NLZUEZXRPGMBCV-UHFFFAOYSA-N,NLZUEZXRPGMBCV-UHFFFAOYSA-N,
KBPUBCVJHFXPOC-UHFFFAOYSA-N,KBPUBCVJHFXPOC-UHFFFAOYSA-N,
YCCILVSKPBXVIP-UHFFFAOYSA-N,YCCILVSKPBXVIP-UHFFFAOYSA-N,
XEFAJZOBODPHBG-UHFFFAOYSA-N,XEFAJZOBODPHBG-UHFFFAOYSA-N,
BHJHPYFAYGAPLS-UHFFFAOYSA-N,BHJHPYFAYGAPLS-UHFFFAOYSA-N,
SPEUIVXLLWOEMJ-UHFFFAOYSA-N,SPEUIVXLLWOEMJ-UHFFFAOYSA-N,
ZJLMKPKYJBQJNH-UHFFFAOYSA-N,ZJLMKPKYJBQJNH-UHFFFAOYSA-N,
BAMPVSWRQZNDQC-UHFFFAOYSA-N,BAMPVSWRQZNDQC-UHFFFAOYSA-N,
MOMFXATYAINJML-UHFFFAOYSA-N,MOMFXATYAINJML-UHFFFAOYSA-N,
BTANRVKWQNVYAZ-BYPYZUCNSA-N,BTANRVKWQNVYAZ-BYPYZUCNSA-N,
BTANRVKWQNVYAZ-UHFFFAOYSA-N,BTANRVKWQNVYAZ-UHFFFAOYSA-N,
ZAJNGDIORYACQU-UHFFFAOYSA-N,ZAJNGDIORYACQU-UHFFFAOYSA-N,
CMPVUVUNJQERIT-UHFFFAOYSA-N,CMPVUVUNJQERIT-UHFFFAOYSA-N,
NDVWOBYBJYUSMF-UHFFFAOYSA-N,NDVWOBYBJYUSMF-UHFFFAOYSA-N,
RZKSECIXORKHQS-UHFFFAOYSA-N,RZKSECIXORKHQS-UHFFFAOYSA-N,
FDPIMTJIUBPUKL-UHFFFAOYSA-N,FDPIMTJIUBPUKL-UHFFFAOYSA-N,
UWSONZCNXUSTKW-UHFFFAOYSA-N,UWSONZCNXUSTKW-UHFFFAOYSA-N,
QMHIMXFNBOYPND-UHFFFAOYSA-N,QMHIMXFNBOYPND-UHFFFAOYSA-N,
LQAVWYMTUMSFBE-UHFFFAOYSA-N,LQAVWYMTUMSFBE-UHFFFAOYSA-N,
YPWFNLSXQIGJCK-UHFFFAOYSA-N,YPWFNLSXQIGJCK-UHFFFAOYSA-N,
WGQKYBSKWIADBV-UHFFFAOYSA-N,WGQKYBSKWIADBV-UHFFFAOYSA-N,
QRGSTISKDZCDHV-XCVCLJGOSA-N,QRGSTISKDZCDHV-XCVCLJGOSA-N,
BAVONGHXFVOKBV-RGURZIINSA-N,BAVONGHXFVOKBV-RGURZIINSA-N,
MVPPADPHJFYWMZ-UHFFFAOYSA-N,MVPPADPHJFYWMZ-UHFFFAOYSA-N,
WTEVQBCEXWBHNA-UHFFFAOYSA-N,WTEVQBCEXWBHNA-UHFFFAOYSA-N,
JOZKFWLRHCDGJA-UHFFFAOYSA-N,JOZKFWLRHCDGJA-UHFFFAOYSA-N,
NKDDWNXOKDWJAK-UHFFFAOYSA-N,NKDDWNXOKDWJAK-UHFFFAOYSA-N,
WDAXFOBOLVPGLV-UHFFFAOYSA-N,WDAXFOBOLVPGLV-UHFFFAOYSA-N,
YHRUHBBTQZKMEX-YFVJMOTDSA-N,YHRUHBBTQZKMEX-YFVJMOTDSA-N,
CRDAMVZIKSXKFV-UHFFFAOYSA-N,CRDAMVZIKSXKFV-UHFFFAOYSA-N,
VZRGLBPRLIGTPE-UHFFFAOYSA-N,VZRGLBPRLIGTPE-UHFFFAOYSA-N,
JNIWCVWKECYDSV-UHFFFAOYSA-N,JNIWCVWKECYDSV-UHFFFAOYSA-N,
OFBQJSOFQDEBGM-UHFFFAOYSA-N,OFBQJSOFQDEBGM-UHFFFAOYSA-N,
NEHNMFOYXAPHSD-SNVBAGLBSA-N,NEHNMFOYXAPHSD-SNVBAGLBSA-N,
FZWLAAWBMGSTSO-UHFFFAOYSA-N,FZWLAAWBMGSTSO-UHFFFAOYSA-N,
UERBALMVMSYIMI-UHFFFAOYSA-N,UERBALMVMSYIMI-UHFFFAOYSA-N,
QMVPMAAFGQKVCJ-UHFFFAOYSA-N,QMVPMAAFGQKVCJ-UHFFFAOYSA-N,
IIYFAKIEWZDVMP-UHFFFAOYSA-N,IIYFAKIEWZDVMP-UHFFFAOYSA-N,
YCOZIPAWZNQLMR-UHFFFAOYSA-N,YCOZIPAWZNQLMR-UHFFFAOYSA-N,
NDJKXXJCMXVBJW-UHFFFAOYSA-N,NDJKXXJCMXVBJW-UHFFFAOYSA-N,
RZJRJXONCZWCBN-UHFFFAOYSA-N,RZJRJXONCZWCBN-UHFFFAOYSA-N,
LQERIDTXQFOHKA-UHFFFAOYSA-N,LQERIDTXQFOHKA-UHFFFAOYSA-N,
CBFCDTFDPHXCNY-UHFFFAOYSA-N,CBFCDTFDPHXCNY-UHFFFAOYSA-N,
IGGUPRCHHJZPBS-UHFFFAOYSA-N,IGGUPRCHHJZPBS-UHFFFAOYSA-N,
AISQJRLSHDWVGU-UHFFFAOYSA-N,AISQJRLSHDWVGU-UHFFFAOYSA-N,
YNQOGIZOCQEUJR-UHFFFAOYSA-N,YNQOGIZOCQEUJR-UHFFFAOYSA-N,
BEBPORIYFVRVCP-UHFFFAOYSA-N,BEBPORIYFVRVCP-UHFFFAOYSA-N,
YGCGPCUUTAKOEU-UHFFFAOYSA-N,YGCGPCUUTAKOEU-UHFFFAOYSA-N,
MWORWWXTNWRHAD-UHFFFAOYSA-N,MWORWWXTNWRHAD-UHFFFAOYSA-N,
ULRDOMATUJWTEF-UHFFFAOYSA-N,ULRDOMATUJWTEF-UHFFFAOYSA-N,
GQEZCXVZFLOKMC-UHFFFAOYSA-N,GQEZCXVZFLOKMC-UHFFFAOYSA-N,
IRYCVIRCWSSJOW-SQFISAMPSA-N,IRYCVIRCWSSJOW-SQFISAMPSA-N,
IGOWHGRNPLFNDJ-ZPHPHTNESA-N,IGOWHGRNPLFNDJ-ZPHPHTNESA-N,
RORWYUWDGGVNRJ-SQFISAMPSA-N,RORWYUWDGGVNRJ-SQFISAMPSA-N,
PJVWXEURPGIPNW-ADYYPQGGSA-N,PJVWXEURPGIPNW-ADYYPQGGSA-N,
RJYQFYALHBHYMG-ADYYPQGGSA-N,RJYQFYALHBHYMG-ADYYPQGGSA-N,
KJSVCIRMHUQNGQ-ADYYPQGGSA-N,KJSVCIRMHUQNGQ-ADYYPQGGSA-N,
KWUWRILZYFCPRI-ADYYPQGGSA-N,KWUWRILZYFCPRI-ADYYPQGGSA-N,
UQDUPQYQJKYHQI-UHFFFAOYSA-N,UQDUPQYQJKYHQI-UHFFFAOYSA-N,
FLIACVVOZYBSBS-UHFFFAOYSA-N,FLIACVVOZYBSBS-UHFFFAOYSA-N,
SECPZKHBENQXJG-FPLPWBNLSA-N,SECPZKHBENQXJG-FPLPWBNLSA-N,
